StartDate,MeasureDate,Timepoint,Time,Day,Slide,Quadrant,Sample,Colony,Parent.Site,Total.Juveniles,Diversity.Type,Tank,Survivorship,Polyps,Fusion.Partners,Fusion,Colonies,Community,Richness
8/7/18,8/7/18,Initial,0,0,AA-11,1,AA-11-1,806-42,42,4,Self,Tank23,1,1,0,0,1,Multiple,1
8/7/18,8/7/18,Mid,1,1,AA-11,1,AA-11-1,806-42,42,4,Self,Tank23,1,1,0,0,1,Multiple,1
8/7/18,8/10/18,Mid,5,3,AA-11,1,AA-11-1,806-42,42,4,Self,Tank22,1,1,0,0,1,Multiple,1
8/7/18,8/14/18,Final,10,7,AA-11,1,AA-11-1,806-42,42,4,Self,Tank22,1,1,0,0,1,Multiple,1
8/7/18,8/7/18,Initial,0,0,AA-11,2,AA-11-2,806-42,42,4,Self,Tank23,1,1,0,0,1,Multiple,1
8/7/18,8/7/18,Mid,1,1,AA-11,2,AA-11-2,806-42,42,4,Self,Tank23,1,1,0,0,1,Multiple,1
8/7/18,8/10/18,Mid,5,3,AA-11,2,AA-11-2,806-42,42,4,Self,Tank22,1,1,0,0,1,Multiple,1
8/7/18,8/14/18,Final,10,7,AA-11,2,AA-11-2,806-42,42,4,Self,Tank22,1,1,0,0,1,Multiple,1
8/7/18,8/7/18,Initial,0,0,AA-11,3,AA-11-3,806-42,42,4,Self,Tank23,1,1,0,0,1,Multiple,1
8/7/18,8/7/18,Mid,1,1,AA-11,3,AA-11-3,806-42,42,4,Self,Tank23,1,1,0,0,1,Multiple,1
8/7/18,8/10/18,Mid,5,3,AA-11,3,AA-11-3,806-42,42,4,Self,Tank22,0,NA,0,0,1,Multiple,1
8/7/18,8/14/18,Final,10,7,AA-11,3,AA-11-3,806-42,42,4,Self,Tank22,0,NA,0,0,1,Multiple,1
8/7/18,8/7/18,Initial,0,0,AA-11,4,AA-11-4,806-42,42,4,Self,Tank23,1,1,0,0,1,Multiple,1
8/7/18,8/7/18,Mid,1,1,AA-11,4,AA-11-4,806-42,42,4,Self,Tank23,1,1,0,0,1,Multiple,1
8/7/18,8/10/18,Mid,5,3,AA-11,4,AA-11-4,806-42,42,4,Self,Tank22,0,NA,0,0,1,Multiple,1
8/7/18,8/14/18,Final,10,7,AA-11,4,AA-11-4,806-42,42,4,Self,Tank22,0,NA,0,0,1,Multiple,1
8/7/18,8/7/18,Initial,0,0,AA-8,1,AA-8-1,811-47,47,2,Self,Tank23,1,1,0,0,1,Multiple,1
8/7/18,8/7/18,Mid,1,1,AA-8,1,AA-8-1,811-47,47,2,Self,Tank23,1,1,0,0,1,Multiple,1
8/7/18,8/10/18,Mid,5,3,AA-8,1,AA-8-1,811-47,47,2,Self,Tank22,1,5,1,1,1,Multiple,1
8/7/18,8/14/18,Final,10,7,AA-8,1,AA-8-1,811-47,47,2,Self,Tank22,0,4,1,1,1,Multiple,1
8/7/18,8/7/18,Initial,0,0,AA-8,2,AA-8-2,811-47,47,2,Self,Tank23,1,1,0,0,1,Multiple,1
8/7/18,8/7/18,Mid,1,1,AA-8,2,AA-8-2,811-47,47,2,Self,Tank23,1,1,0,0,1,Multiple,1
8/7/18,8/10/18,Mid,5,3,AA-8,2,AA-8-2,811-47,47,2,Self,Tank22,1,5,1,1,1,Multiple,1
8/7/18,8/14/18,Final,10,7,AA-8,2,AA-8-2,811-47,47,2,Self,Tank22,1,5,1,1,1,Multiple,1
8/6/18,8/6/18,Initial,0,0,AS-1,1,AS-1-1,806-42,42,1,Individual,Tank17,1,1,0,0,1,Individual,1
8/6/18,8/6/18,Mid,1,1,AS-1,1,AS-1-1,806-42,42,1,Individual,Tank17,1,1,0,0,1,Individual,1
8/6/18,8/10/18,Mid,5,4,AS-1,1,AS-1-1,806-42,42,1,Individual,Tank23,1,1,0,0,1,Individual,1
8/6/18,8/14/18,Final,10,8,AS-1,1,AS-1-1,806-42,42,1,Individual,Tank23,1,3,0,0,1,Individual,1
8/7/18,8/7/18,Initial,0,0,AS-10,1,AS-10-1,806-42,42,1,Individual,Tank23,1,1,0,0,1,Individual,1
8/7/18,8/7/18,Mid,1,1,AS-10,1,AS-10-1,806-42,42,1,Individual,Tank23,1,1,0,0,1,Individual,1
8/7/18,8/10/18,Mid,5,3,AS-10,1,AS-10-1,806-42,42,1,Individual,Tank22,1,1,0,0,1,Individual,1
8/7/18,8/14/18,Final,10,7,AS-10,1,AS-10-1,806-42,42,1,Individual,Tank22,1,4,0,0,1,Individual,1
8/6/18,8/6/18,Initial,0,0,AS-2,1,AS-2-1,815-25,25,1,Individual,Tank17,1,1,0,0,1,Individual,1
8/6/18,8/6/18,Mid,1,1,AS-2,1,AS-2-1,815-25,25,1,Individual,Tank17,1,1,0,0,1,Individual,1
8/6/18,8/10/18,Mid,5,4,AS-2,1,AS-2-1,815-25,25,1,Individual,Tank23,1,1,0,0,1,Individual,1
8/6/18,8/14/18,Final,10,8,AS-2,1,AS-2-1,815-25,25,1,Individual,Tank23,1,1,0,0,1,Individual,1
8/6/18,8/6/18,Initial,0,0,AS-3,1,AS-3-1,744-1,1,1,Individual,Tank17,1,1,0,0,1,Individual,1
8/6/18,8/6/18,Mid,1,1,AS-3,1,AS-3-1,744-1,1,1,Individual,Tank17,1,1,0,0,1,Individual,1
8/6/18,8/10/18,Mid,5,4,AS-3,1,AS-3-1,744-1,1,1,Individual,Tank23,1,1,0,0,1,Individual,1
8/6/18,8/14/18,Final,10,8,AS-3,1,AS-3-1,744-1,1,1,Individual,Tank23,1,3,0,0,1,Individual,1
8/6/18,8/6/18,Initial,0,0,AS-4,1,AS-4-1,807-42,42,1,Individual,Tank17,1,1,0,0,1,Individual,1
8/6/18,8/6/18,Mid,1,1,AS-4,1,AS-4-1,807-42,42,1,Individual,Tank17,1,1,0,0,1,Individual,1
8/6/18,8/10/18,Mid,5,4,AS-4,1,AS-4-1,807-42,42,1,Individual,Tank23,1,1,0,0,1,Individual,1
8/6/18,8/14/18,Final,10,8,AS-4,1,AS-4-1,807-42,42,1,Individual,Tank23,1,3,0,0,1,Individual,1
8/7/18,8/7/18,Initial,0,0,AS-5,1,AS-5-1,824-1,1,1,Individual,Tank23,1,1,0,0,1,Individual,1
8/7/18,8/7/18,Mid,1,1,AS-5,1,AS-5-1,824-1,1,1,Individual,Tank23,1,1,0,0,1,Individual,1
8/7/18,8/10/18,Mid,5,3,AS-5,1,AS-5-1,824-1,1,1,Individual,Tank22,1,1,0,0,1,Individual,1
8/7/18,8/14/18,Final,10,7,AS-5,1,AS-5-1,824-1,1,1,Individual,Tank22,1,4,0,0,1,Individual,1
8/7/18,8/7/18,Initial,0,0,AS-6,1,AS-6-1,807-42,42,1,Individual,Tank23,1,1,0,0,1,Individual,1
8/7/18,8/7/18,Mid,1,1,AS-6,1,AS-6-1,807-42,42,1,Individual,Tank23,1,1,0,0,1,Individual,1
8/7/18,8/10/18,Mid,5,3,AS-6,1,AS-6-1,807-42,42,1,Individual,Tank22,1,1,0,0,1,Individual,1
8/7/18,8/14/18,Final,10,7,AS-6,1,AS-6-1,807-42,42,1,Individual,Tank22,1,2,0,0,1,Individual,1
8/7/18,8/7/18,Initial,0,0,AS-7,1,AS-7-1,742-F,F,1,Individual,Tank23,1,1,0,0,1,Individual,1
8/7/18,8/7/18,Mid,1,1,AS-7,1,AS-7-1,742-F,F,1,Individual,Tank23,1,1,0,0,1,Individual,1
8/7/18,8/10/18,Mid,5,3,AS-7,1,AS-7-1,742-F,F,1,Individual,Tank22,1,1,0,0,1,Individual,1
8/7/18,8/14/18,Final,10,7,AS-7,1,AS-7-1,742-F,F,1,Individual,Tank22,1,2,0,0,1,Individual,1
8/7/18,8/7/18,Initial,0,0,AS-8,1,AS-8-1,806-42,42,1,Individual,Tank23,1,1,0,0,1,Individual,1
8/7/18,8/7/18,Mid,1,1,AS-8,1,AS-8-1,806-42,42,1,Individual,Tank23,1,1,0,0,1,Individual,1
8/7/18,8/10/18,Mid,5,3,AS-8,1,AS-8-1,806-42,42,1,Individual,Tank22,0,NA,0,0,1,Individual,1
8/7/18,8/14/18,Final,10,7,AS-8,1,AS-8-1,806-42,42,1,Individual,Tank22,0,NA,0,0,1,Individual,1
8/7/18,8/7/18,Initial,0,0,AS-9,1,AS-9-1,806-42,42,1,Individual,Tank23,1,1,0,0,1,Individual,1
8/7/18,8/7/18,Mid,1,1,AS-9,1,AS-9-1,806-42,42,1,Individual,Tank23,1,1,0,0,1,Individual,1
8/7/18,8/10/18,Mid,5,3,AS-9,1,AS-9-1,806-42,42,1,Individual,Tank22,0,NA,0,0,1,Individual,1
8/7/18,8/14/18,Final,10,7,AS-9,1,AS-9-1,806-42,42,1,Individual,Tank22,0,NA,0,0,1,Individual,1
7/31/18,7/31/18,Initial,0,0,JA-11,1,JA-11-1,804-42,42,2,Self,Tank21,1,1,0,0,1,Multiple,1
7/31/18,8/8/18,Mid,10,8,JA-11,1,JA-11-1,804-42,42,2,Self,Tank24,0,NA,0,0,1,Multiple,1
7/31/18,8/14/18,Final,15,14,JA-11,1,JA-11-1,804-42,42,2,Self,Tank24,0,NA,0,0,1,Multiple,1
7/31/18,8/1/18,Mid,1,1,JA-11,1,JA-11-1,804-42,42,3,Self,Tank21,0,NA,0,0,1,Multiple,1
7/31/18,7/31/18,Initial,0,0,JA-11,2,JA-11-2,804-42,42,2,Self,Tank21,1,1,0,0,1,Multiple,1
7/31/18,8/8/18,Mid,10,8,JA-11,2,JA-11-2,804-42,42,2,Self,Tank24,0,NA,0,0,1,Multiple,1
7/31/18,8/14/18,Final,15,14,JA-11,2,JA-11-2,804-42,42,2,Self,Tank24,0,NA,0,0,1,Multiple,1
7/31/18,8/1/18,Mid,1,1,JA-11,2,JA-11-2,804-42,42,3,Self,Tank21,0,NA,0,0,1,Multiple,1
7/31/18,7/31/18,Initial,0,0,JA-11,3,JA-11-3,804-42,42,2,Self,Tank21,1,1,0,0,1,Multiple,1
7/31/18,8/8/18,Mid,10,8,JA-11,3,JA-11-3,804-42,42,2,Self,Tank24,0,NA,0,0,1,Multiple,1
7/31/18,8/14/18,Final,15,14,JA-11,3,JA-11-3,804-42,42,2,Self,Tank24,0,NA,0,0,1,Multiple,1
7/31/18,8/1/18,Mid,1,1,JA-11,3,JA-11-3,804-42,42,3,Self,Tank21,1,1,0,0,1,Multiple,1
7/31/18,7/31/18,Initial,0,0,JA-17,1,JA-17-1,841-47,47,2,Self,Tank21,1,1,0,0,1,Multiple,1
7/31/18,8/1/18,Mid,1,1,JA-17,1,JA-17-1,841-47,47,2,Self,Tank21,1,1,0,0,1,Multiple,1
7/31/18,8/8/18,Mid,10,8,JA-17,1,JA-17-1,841-47,47,2,Self,Tank24,1,2,0,0,1,Multiple,1
7/31/18,8/14/18,Final,15,14,JA-17,1,JA-17-1,841-47,47,2,Self,Tank24,1,3,1,1,1,Multiple,1
7/31/18,7/31/18,Initial,0,0,JA-17,2,JA-17-2,841-47,47,2,Self,Tank21,1,1,0,0,1,Multiple,1
7/31/18,8/1/18,Mid,1,1,JA-17,2,JA-17-2,841-47,47,2,Self,Tank21,1,1,0,0,1,Multiple,1
7/31/18,8/8/18,Mid,10,8,JA-17,2,JA-17-2,841-47,47,2,Self,Tank24,1,3,0,0,1,Multiple,1
7/31/18,8/14/18,Final,15,14,JA-17,2,JA-17-2,841-47,47,2,Self,Tank24,1,4,1,1,1,Multiple,1
7/31/18,7/31/18,Initial,0,0,JA-18,1,JA-18-1,841-47,47,4,Self,Tank23,1,1,0,0,1,Multiple,1
7/31/18,8/1/18,Mid,1,1,JA-18,1,JA-18-1,841-47,47,4,Self,Tank23,1,1,0,0,1,Multiple,1
7/31/18,8/8/18,Mid,10,8,JA-18,1,JA-18-1,841-47,47,4,Self,Tank24,1,1,0,0,1,Multiple,1
7/31/18,8/14/18,Final,15,14,JA-18,1,JA-18-1,841-47,47,4,Self,Tank24,1,3,2,1,1,Multiple,1
7/31/18,7/31/18,Initial,0,0,JA-18,2,JA-18-2,841-47,47,4,Self,Tank23,1,1,0,0,1,Multiple,1
7/31/18,8/1/18,Mid,1,1,JA-18,2,JA-18-2,841-47,47,4,Self,Tank23,1,1,0,0,1,Multiple,1
7/31/18,8/8/18,Mid,10,8,JA-18,2,JA-18-2,841-47,47,4,Self,Tank24,1,3,0,0,1,Multiple,1
7/31/18,8/14/18,Final,15,14,JA-18,2,JA-18-2,841-47,47,4,Self,Tank24,1,4,2,1,1,Multiple,1
7/31/18,7/31/18,Initial,0,0,JA-18,3,JA-18-3,841-47,47,4,Self,Tank23,1,1,0,0,1,Multiple,1
7/31/18,8/1/18,Mid,1,1,JA-18,3,JA-18-3,841-47,47,4,Self,Tank23,1,1,0,0,1,Multiple,1
7/31/18,8/8/18,Mid,10,8,JA-18,3,JA-18-3,841-47,47,4,Self,Tank24,1,1,0,0,1,Multiple,1
7/31/18,8/14/18,Final,15,14,JA-18,3,JA-18-3,841-47,47,4,Self,Tank24,1,3,2,1,1,Multiple,1
7/31/18,7/31/18,Initial,0,0,JA-18,4,JA-18-4,841-47,47,4,Self,Tank23,1,1,0,0,1,Multiple,1
7/31/18,8/1/18,Mid,1,1,JA-18,4,JA-18-4,841-47,47,4,Self,Tank23,1,1,0,0,1,Multiple,1
7/31/18,8/8/18,Mid,10,8,JA-18,4,JA-18-4,841-47,47,4,Self,Tank24,0,NA,0,0,1,Multiple,1
7/31/18,8/14/18,Final,15,14,JA-18,4,JA-18-4,841-47,47,4,Self,Tank24,0,NA,0,0,1,Multiple,1
7/31/18,7/31/18,Initial,0,0,JA-19,1,JA-19-1,841-47,47,2,Self,Tank23,1,1,0,0,1,Multiple,1
7/31/18,8/1/18,Mid,1,1,JA-19,1,JA-19-1,841-47,47,2,Self,Tank23,1,1,0,0,1,Multiple,1
7/31/18,8/8/18,Mid,10,8,JA-19,1,JA-19-1,841-47,47,2,Self,Tank24,0,NA,0,0,1,Multiple,1
7/31/18,8/14/18,Final,15,14,JA-19,1,JA-19-1,841-47,47,2,Self,Tank24,0,NA,0,0,1,Multiple,1
7/31/18,7/31/18,Initial,0,0,JA-19,2,JA-19-2,841-47,47,2,Self,Tank23,1,1,0,0,1,Multiple,1
7/31/18,8/1/18,Mid,1,1,JA-19,2,JA-19-2,841-47,47,2,Self,Tank23,1,1,0,0,1,Multiple,1
7/31/18,8/8/18,Mid,10,8,JA-19,2,JA-19-2,841-47,47,2,Self,Tank24,1,1,0,0,1,Multiple,1
7/31/18,8/14/18,Final,15,14,JA-19,2,JA-19-2,841-47,47,2,Self,Tank24,1,2,0,0,1,Multiple,1
7/31/18,7/31/18,Initial,0,0,JA-20,1,JA-20-1,841-47,47,4,Self,Tank23,1,1,0,0,1,Multiple,1
7/31/18,8/1/18,Mid,1,1,JA-20,1,JA-20-1,841-47,47,4,Self,Tank23,1,1,0,0,1,Multiple,1
7/31/18,8/8/18,Mid,10,8,JA-20,1,JA-20-1,841-47,47,4,Self,Tank24,0,NA,0,0,1,Multiple,1
7/31/18,8/14/18,Final,15,14,JA-20,1,JA-20-1,841-47,47,4,Self,Tank24,0,NA,0,0,1,Multiple,1
7/31/18,7/31/18,Initial,0,0,JA-20,2,JA-20-2,841-47,47,4,Self,Tank23,1,1,0,0,1,Multiple,1
7/31/18,8/1/18,Mid,1,1,JA-20,2,JA-20-2,841-47,47,4,Self,Tank23,1,1,0,0,1,Multiple,1
7/31/18,8/8/18,Mid,10,8,JA-20,2,JA-20-2,841-47,47,4,Self,Tank24,1,3,0,0,1,Multiple,1
7/31/18,8/14/18,Final,15,14,JA-20,2,JA-20-2,841-47,47,4,Self,Tank24,1,4,0,0,1,Multiple,1
7/31/18,7/31/18,Initial,0,0,JA-20,3,JA-20-3,841-47,47,4,Self,Tank23,1,1,0,0,1,Multiple,1
7/31/18,8/1/18,Mid,1,1,JA-20,3,JA-20-3,841-47,47,4,Self,Tank23,1,1,0,0,1,Multiple,1
7/31/18,8/8/18,Mid,10,8,JA-20,3,JA-20-3,841-47,47,4,Self,Tank24,1,1,0,0,1,Multiple,1
7/31/18,8/14/18,Final,15,14,JA-20,3,JA-20-3,841-47,47,4,Self,Tank24,1,3,0,0,1,Multiple,1
7/31/18,7/31/18,Initial,0,0,JA-20,4,JA-20-4,841-47,47,4,Self,Tank23,1,1,0,0,1,Multiple,1
7/31/18,8/1/18,Mid,1,1,JA-20,4,JA-20-4,841-47,47,4,Self,Tank23,1,1,0,0,1,Multiple,1
7/31/18,8/8/18,Mid,10,8,JA-20,4,JA-20-4,841-47,47,4,Self,Tank24,0,NA,0,0,1,Multiple,1
7/31/18,8/14/18,Final,15,14,JA-20,4,JA-20-4,841-47,47,4,Self,Tank24,0,NA,0,0,1,Multiple,1
7/31/18,7/31/18,Initial,0,0,JA-22,1,JA-22-1,812-25,25,4,Self,Tank21,1,1,0,0,1,Multiple,1
7/31/18,8/1/18,Mid,1,1,JA-22,1,JA-22-1,812-25,25,4,Self,Tank21,1,1,0,0,1,Multiple,1
7/31/18,8/8/18,Mid,10,8,JA-22,1,JA-22-1,812-25,25,4,Self,Tank24,1,1,1,1,1,Multiple,1
7/31/18,8/14/18,Final,15,14,JA-22,1,JA-22-1,812-25,25,4,Self,Tank24,1,4,1,1,1,Multiple,1
7/31/18,7/31/18,Initial,0,0,JA-22,2,JA-22-2,812-25,25,4,Self,Tank21,1,1,0,0,1,Multiple,1
7/31/18,8/1/18,Mid,1,1,JA-22,2,JA-22-2,812-25,25,4,Self,Tank21,1,1,0,0,1,Multiple,1
7/31/18,8/8/18,Mid,10,8,JA-22,2,JA-22-2,812-25,25,4,Self,Tank24,0,NA,0,0,1,Multiple,1
7/31/18,8/14/18,Final,15,14,JA-22,2,JA-22-2,812-25,25,4,Self,Tank24,0,NA,0,0,1,Multiple,1
7/31/18,7/31/18,Initial,0,0,JA-22,3,JA-22-3,812-25,25,4,Self,Tank21,1,1,0,0,1,Multiple,1
7/31/18,8/1/18,Mid,1,1,JA-22,3,JA-22-3,812-25,25,4,Self,Tank21,1,1,0,0,1,Multiple,1
7/31/18,8/8/18,Mid,10,8,JA-22,3,JA-22-3,812-25,25,4,Self,Tank24,1,1,1,1,1,Multiple,1
7/31/18,8/14/18,Final,15,14,JA-22,3,JA-22-3,812-25,25,4,Self,Tank24,1,2,1,1,1,Multiple,1
7/31/18,7/31/18,Initial,0,0,JA-22,4,JA-22-4,812-25,25,4,Self,Tank21,1,1,0,0,1,Multiple,1
7/31/18,8/1/18,Mid,1,1,JA-22,4,JA-22-4,812-25,25,4,Self,Tank21,1,1,0,0,1,Multiple,1
7/31/18,8/8/18,Mid,10,8,JA-22,4,JA-22-4,812-25,25,4,Self,Tank24,1,1,0,0,1,Multiple,1
7/31/18,8/14/18,Final,15,14,JA-22,4,JA-22-4,812-25,25,4,Self,Tank24,1,2,0,0,1,Multiple,1
8/1/18,8/1/18,Initial,0,0,JA-23,1,JA-23-1,801-47,47,3,Self,Tank19,1,1,0,0,1,Multiple,1
8/1/18,8/2/18,Mid,1,1,JA-23,1,JA-23-1,801-47,47,3,Self,Tank19,1,1,0,0,1,Multiple,1
8/1/18,8/9/18,Mid,10,8,JA-23,1,JA-23-1,801-47,47,3,Self,Tank21,1,1,0,0,1,Multiple,1
8/1/18,8/14/18,Final,15,13,JA-23,1,JA-23-1,801-47,47,3,Self,Tank21,0,3,2,1,1,Multiple,1
8/1/18,8/1/18,Initial,0,0,JA-23,2,JA-23-2,801-47,47,3,Self,Tank19,1,1,0,0,1,Multiple,1
8/1/18,8/2/18,Mid,1,1,JA-23,2,JA-23-2,801-47,47,3,Self,Tank19,1,1,0,0,1,Multiple,1
8/1/18,8/9/18,Mid,10,8,JA-23,2,JA-23-2,801-47,47,3,Self,Tank21,1,1,0,0,1,Multiple,1
8/1/18,8/14/18,Final,15,13,JA-23,2,JA-23-2,801-47,47,3,Self,Tank21,1,3,2,1,1,Multiple,1
8/1/18,8/1/18,Initial,0,0,JA-23,3,JA-23-3,801-47,47,3,Self,Tank19,1,1,0,0,1,Multiple,1
8/1/18,8/2/18,Mid,1,1,JA-23,3,JA-23-3,801-47,47,3,Self,Tank19,1,1,0,0,1,Multiple,1
8/1/18,8/9/18,Mid,10,8,JA-23,3,JA-23-3,801-47,47,3,Self,Tank21,1,1,0,0,1,Multiple,1
8/1/18,8/14/18,Final,15,13,JA-23,3,JA-23-3,801-47,47,3,Self,Tank21,1,2,2,1,1,Multiple,1
8/1/18,8/1/18,Initial,0,0,JA-24,1,JA-24-1,801-47,47,4,Self,Tank19,1,1,0,0,1,Multiple,1
8/1/18,8/2/18,Mid,1,1,JA-24,1,JA-24-1,801-47,47,4,Self,Tank19,1,1,0,0,1,Multiple,1
8/1/18,8/9/18,Mid,10,8,JA-24,1,JA-24-1,801-47,47,4,Self,Tank21,0,NA,0,0,1,Multiple,1
8/1/18,8/14/18,Final,15,13,JA-24,1,JA-24-1,801-47,47,4,Self,Tank21,0,NA,0,0,1,Multiple,1
8/1/18,8/1/18,Initial,0,0,JA-24,2,JA-24-2,801-47,47,4,Self,Tank19,1,1,0,0,1,Multiple,1
8/1/18,8/2/18,Mid,1,1,JA-24,2,JA-24-2,801-47,47,4,Self,Tank19,1,1,0,0,1,Multiple,1
8/1/18,8/9/18,Mid,10,8,JA-24,2,JA-24-2,801-47,47,4,Self,Tank21,1,2,0,0,1,Multiple,1
8/1/18,8/14/18,Final,15,13,JA-24,2,JA-24-2,801-47,47,4,Self,Tank21,1,4,0,0,1,Multiple,1
8/1/18,8/1/18,Initial,0,0,JA-24,3,JA-24-3,801-47,47,4,Self,Tank19,1,1,0,0,1,Multiple,1
8/1/18,8/2/18,Mid,1,1,JA-24,3,JA-24-3,801-47,47,4,Self,Tank19,1,1,0,0,1,Multiple,1
8/1/18,8/9/18,Mid,10,8,JA-24,3,JA-24-3,801-47,47,4,Self,Tank21,1,2,0,0,1,Multiple,1
8/1/18,8/14/18,Final,15,13,JA-24,3,JA-24-3,801-47,47,4,Self,Tank21,1,5,1,1,1,Multiple,1
8/1/18,8/1/18,Initial,0,0,JA-24,4,JA-24-4,801-47,47,4,Self,Tank19,1,1,0,0,1,Multiple,1
8/1/18,8/2/18,Mid,1,1,JA-24,4,JA-24-4,801-47,47,4,Self,Tank19,1,1,0,0,1,Multiple,1
8/1/18,8/9/18,Mid,10,8,JA-24,4,JA-24-4,801-47,47,4,Self,Tank21,1,2,0,0,1,Multiple,1
8/1/18,8/14/18,Final,15,13,JA-24,4,JA-24-4,801-47,47,4,Self,Tank21,1,6,1,1,1,Multiple,1
8/1/18,8/1/18,Initial,0,0,JA-26,1,JA-26-1,742-F,F,2,Self,Tank19,1,1,0,0,1,Multiple,1
8/1/18,8/2/18,Mid,1,1,JA-26,1,JA-26-1,742-F,F,2,Self,Tank19,1,1,0,0,1,Multiple,1
8/1/18,8/9/18,Mid,10,8,JA-26,1,JA-26-1,742-F,F,2,Self,Tank21,1,3,0,0,1,Multiple,1
8/1/18,8/14/18,Final,15,13,JA-26,1,JA-26-1,742-F,F,2,Self,Tank21,1,3,0,0,1,Multiple,1
8/1/18,8/1/18,Initial,0,0,JA-26,2,JA-26-2,742-F,F,2,Self,Tank19,1,1,0,0,1,Multiple,1
8/1/18,8/2/18,Mid,1,1,JA-26,2,JA-26-2,742-F,F,2,Self,Tank19,1,1,0,0,1,Multiple,1
8/1/18,8/9/18,Mid,10,8,JA-26,2,JA-26-2,742-F,F,2,Self,Tank21,0,NA,0,0,1,Multiple,1
8/1/18,8/14/18,Final,15,13,JA-26,2,JA-26-2,742-F,F,2,Self,Tank21,0,NA,0,0,1,Multiple,1
8/1/18,8/1/18,Initial,0,0,JA-27,1,JA-27-1,742-F,F,3,Self,Tank19,1,1,0,0,1,Multiple,1
8/1/18,8/2/18,Mid,1,1,JA-27,1,JA-27-1,742-F,F,3,Self,Tank19,1,1,0,0,1,Multiple,1
8/1/18,8/9/18,Mid,10,8,JA-27,1,JA-27-1,742-F,F,3,Self,Tank21,1,3,1,1,1,Multiple,1
8/1/18,8/14/18,Final,15,13,JA-27,1,JA-27-1,742-F,F,3,Self,Tank21,1,3,1,1,1,Multiple,1
8/1/18,8/1/18,Initial,0,0,JA-27,2,JA-27-2,742-F,F,3,Self,Tank19,1,1,0,0,1,Multiple,1
8/1/18,8/2/18,Mid,1,1,JA-27,2,JA-27-2,742-F,F,3,Self,Tank19,1,1,0,0,1,Multiple,1
8/1/18,8/9/18,Mid,10,8,JA-27,2,JA-27-2,742-F,F,3,Self,Tank21,1,3,1,1,1,Multiple,1
8/1/18,8/14/18,Final,15,13,JA-27,2,JA-27-2,742-F,F,3,Self,Tank21,1,5,1,1,1,Multiple,1
8/1/18,8/1/18,Initial,0,0,JA-28,1,JA-28-1,742-F,F,3,Self,Tank19,1,1,0,0,1,Multiple,1
8/1/18,8/2/18,Mid,1,1,JA-28,1,JA-28-1,742-F,F,3,Self,Tank19,1,1,0,0,1,Multiple,1
8/1/18,8/9/18,Mid,10,8,JA-28,1,JA-28-1,742-F,F,3,Self,Tank21,1,2,1,1,1,Multiple,1
8/1/18,8/14/18,Final,15,13,JA-28,1,JA-28-1,742-F,F,3,Self,Tank21,1,2,2,1,1,Multiple,1
8/1/18,8/1/18,Initial,0,0,JA-28,2,JA-28-2,742-F,F,3,Self,Tank19,1,1,0,0,1,Multiple,1
8/1/18,8/2/18,Mid,1,1,JA-28,2,JA-28-2,742-F,F,3,Self,Tank19,1,1,0,0,1,Multiple,1
8/1/18,8/9/18,Mid,10,8,JA-28,2,JA-28-2,742-F,F,3,Self,Tank21,1,2,0,0,1,Multiple,1
8/1/18,8/14/18,Final,15,13,JA-28,2,JA-28-2,742-F,F,3,Self,Tank21,1,2,2,1,1,Multiple,1
8/1/18,8/1/18,Initial,0,0,JA-28,3,JA-28-3,742-F,F,3,Self,Tank19,1,1,0,0,1,Multiple,1
8/1/18,8/2/18,Mid,1,1,JA-28,3,JA-28-3,742-F,F,3,Self,Tank19,1,1,0,0,1,Multiple,1
8/1/18,8/9/18,Mid,10,8,JA-28,3,JA-28-3,742-F,F,3,Self,Tank21,1,2,1,1,1,Multiple,1
8/1/18,8/14/18,Final,15,13,JA-28,3,JA-28-3,742-F,F,3,Self,Tank21,1,2,2,1,1,Multiple,1
8/1/18,8/1/18,Initial,0,0,JA-29,1,JA-29-1,742-F,F,3,Self,Tank19,1,1,0,0,1,Multiple,1
8/1/18,8/2/18,Mid,1,1,JA-29,1,JA-29-1,742-F,F,3,Self,Tank19,1,1,0,0,1,Multiple,1
8/1/18,8/9/18,Mid,10,8,JA-29,1,JA-29-1,742-F,F,3,Self,Tank21,1,3,1,1,1,Multiple,1
8/1/18,8/14/18,Final,15,13,JA-29,1,JA-29-1,742-F,F,3,Self,Tank21,1,3,2,1,1,Multiple,1
8/1/18,8/1/18,Initial,0,0,JA-29,2,JA-29-2,742-F,F,3,Self,Tank19,1,1,0,0,1,Multiple,1
8/1/18,8/2/18,Mid,1,1,JA-29,2,JA-29-2,742-F,F,3,Self,Tank19,1,1,0,0,1,Multiple,1
8/1/18,8/9/18,Mid,10,8,JA-29,2,JA-29-2,742-F,F,3,Self,Tank21,1,1,0,0,1,Multiple,1
8/1/18,8/14/18,Final,15,13,JA-29,2,JA-29-2,742-F,F,3,Self,Tank21,1,3,2,1,1,Multiple,1
8/1/18,8/1/18,Initial,0,0,JA-29,3,JA-29-3,742-F,F,3,Self,Tank19,1,1,0,0,1,Multiple,1
8/1/18,8/2/18,Mid,1,1,JA-29,3,JA-29-3,742-F,F,3,Self,Tank19,1,1,0,0,1,Multiple,1
8/1/18,8/9/18,Mid,10,8,JA-29,3,JA-29-3,742-F,F,3,Self,Tank21,1,2,1,1,1,Multiple,1
8/1/18,8/14/18,Final,15,13,JA-29,3,JA-29-3,742-F,F,3,Self,Tank21,1,3,2,1,1,Multiple,1
8/4/18,8/4/18,Initial,0,0,JA-58,1,JA-58-1,806-42,42,2,Self,Tank24,1,1,0,0,1,Multiple,1
8/4/18,8/6/18,Mid,1,2,JA-58,1,JA-58-1,806-42,42,2,Self,Tank24,1,1,0,0,1,Multiple,1
8/4/18,8/10/18,Mid,5,6,JA-58,1,JA-58-1,806-42,42,2,Self,Tank20,1,1,0,0,1,Multiple,1
8/4/18,8/14/18,Final,10,10,JA-58,1,JA-58-1,806-42,42,2,Self,Tank20,1,2,1,1,1,Multiple,1
8/4/18,8/4/18,Initial,0,0,JA-58,2,JA-58-2,806-42,42,2,Self,Tank24,1,1,0,0,1,Multiple,1
8/4/18,8/6/18,Mid,1,2,JA-58,2,JA-58-2,806-42,42,2,Self,Tank24,1,1,0,0,1,Multiple,1
8/4/18,8/10/18,Mid,5,6,JA-58,2,JA-58-2,806-42,42,2,Self,Tank20,1,1,0,0,1,Multiple,1
8/4/18,8/14/18,Final,10,10,JA-58,2,JA-58-2,806-42,42,2,Self,Tank20,1,4,1,1,1,Multiple,1
8/4/18,8/4/18,Initial,0,0,JA-59,1,JA-59-1,806-42,42,2,Self,Tank24,1,1,0,0,1,Multiple,1
8/4/18,8/6/18,Mid,1,2,JA-59,1,JA-59-1,806-42,42,2,Self,Tank24,1,1,0,0,1,Multiple,1
8/4/18,8/10/18,Mid,5,6,JA-59,1,JA-59-1,806-42,42,2,Self,Tank20,1,1,0,0,1,Multiple,1
8/4/18,8/14/18,Final,10,10,JA-59,1,JA-59-1,806-42,42,2,Self,Tank20,1,1,0,0,1,Multiple,1
8/4/18,8/4/18,Initial,0,0,JA-59,2,JA-59-2,806-42,42,2,Self,Tank24,1,1,0,0,1,Multiple,1
8/4/18,8/6/18,Mid,1,2,JA-59,2,JA-59-2,806-42,42,2,Self,Tank24,1,1,0,0,1,Multiple,1
8/4/18,8/10/18,Mid,5,6,JA-59,2,JA-59-2,806-42,42,2,Self,Tank20,0,NA,0,0,1,Multiple,1
8/4/18,8/14/18,Final,10,10,JA-59,2,JA-59-2,806-42,42,2,Self,Tank20,0,NA,0,0,1,Multiple,1
8/4/18,8/4/18,Initial,0,0,JA-60,1,JA-60-1,806-42,42,3,Self,Tank24,1,1,0,0,1,Multiple,1
8/4/18,8/6/18,Mid,1,2,JA-60,1,JA-60-1,806-42,42,3,Self,Tank24,1,1,0,0,1,Multiple,1
8/4/18,8/10/18,Mid,5,6,JA-60,1,JA-60-1,806-42,42,3,Self,Tank20,1,1,0,0,1,Multiple,1
8/4/18,8/14/18,Final,10,10,JA-60,1,JA-60-1,806-42,42,3,Self,Tank20,1,2,0,0,1,Multiple,1
8/4/18,8/4/18,Initial,0,0,JA-60,2,JA-60-2,806-42,42,3,Self,Tank24,1,1,0,0,1,Multiple,1
8/4/18,8/6/18,Mid,1,2,JA-60,2,JA-60-2,806-42,42,3,Self,Tank24,1,1,0,0,1,Multiple,1
8/4/18,8/10/18,Mid,5,6,JA-60,2,JA-60-2,806-42,42,3,Self,Tank20,1,1,0,0,1,Multiple,1
8/4/18,8/14/18,Final,10,10,JA-60,2,JA-60-2,806-42,42,3,Self,Tank20,1,3,0,0,1,Multiple,1
8/4/18,8/4/18,Initial,0,0,JA-60,3,JA-60-3,806-42,42,3,Self,Tank24,1,1,0,0,1,Multiple,1
8/4/18,8/6/18,Mid,1,2,JA-60,3,JA-60-3,806-42,42,3,Self,Tank24,1,1,0,0,1,Multiple,1
8/4/18,8/10/18,Mid,5,6,JA-60,3,JA-60-3,806-42,42,3,Self,Tank20,0,NA,0,0,1,Multiple,1
8/4/18,8/14/18,Final,10,10,JA-60,3,JA-60-3,806-42,42,3,Self,Tank20,0,NA,0,0,1,Multiple,1
8/4/18,8/4/18,Initial,0,0,JA-64,1,JA-64-1,823-1,1,2,Self,Tank24,1,1,0,0,1,Multiple,1
8/4/18,8/6/18,Mid,1,2,JA-64,1,JA-64-1,823-1,1,2,Self,Tank24,1,1,0,0,1,Multiple,1
8/4/18,8/10/18,Mid,5,6,JA-64,1,JA-64-1,823-1,1,2,Self,Tank20,1,4,1,1,1,Multiple,1
8/4/18,8/14/18,Final,10,10,JA-64,1,JA-64-1,823-1,1,2,Self,Tank20,1,4,1,1,1,Multiple,1
8/4/18,8/4/18,Initial,0,0,JA-64,2,JA-64-2,823-1,1,2,Self,Tank24,1,1,0,0,1,Multiple,1
8/4/18,8/6/18,Mid,1,2,JA-64,2,JA-64-2,823-1,1,2,Self,Tank24,1,1,0,0,1,Multiple,1
8/4/18,8/10/18,Mid,5,6,JA-64,2,JA-64-2,823-1,1,2,Self,Tank20,1,5,1,1,1,Multiple,1
8/4/18,8/14/18,Final,10,10,JA-64,2,JA-64-2,823-1,1,2,Self,Tank20,1,5,1,1,1,Multiple,1
7/30/18,7/30/18,Initial,0,0,JA-7,1,JA-7-1,803-42,42,2,Self,Tank24,1,1,0,0,1,Multiple,1
7/30/18,8/1/18,Mid,1,2,JA-7,1,JA-7-1,803-42,42,2,Self,Tank24,1,1,0,0,1,Multiple,1
7/30/18,8/8/18,Mid,5,9,JA-7,1,JA-7-1,803-42,42,2,Self,Tank20,1,3,1,1,1,Multiple,1
7/30/18,8/14/18,Final,10,15,JA-7,1,JA-7-1,803-42,42,2,Self,Tank20,1,3,1,1,1,Multiple,1
7/30/18,7/30/18,Initial,0,0,JA-7,2,JA-7-2,803-42,42,2,Self,Tank24,1,1,0,0,1,Multiple,1
7/30/18,8/1/18,Mid,1,2,JA-7,2,JA-7-2,803-42,42,2,Self,Tank24,1,1,0,0,1,Multiple,1
7/30/18,8/8/18,Mid,5,9,JA-7,2,JA-7-2,803-42,42,2,Self,Tank20,1,2,1,1,1,Multiple,1
7/30/18,8/14/18,Final,10,15,JA-7,2,JA-7-2,803-42,42,2,Self,Tank20,1,2,1,1,1,Multiple,1
7/31/18,7/31/18,Initial,0,0,JA-9,1,JA-9-1,750-F,F,2,Self,Tank21,1,1,0,0,1,Multiple,1
7/31/18,8/1/18,Mid,1,1,JA-9,1,JA-9-1,750-F,F,2,Self,Tank21,1,1,0,0,1,Multiple,1
7/31/18,8/8/18,Mid,5,8,JA-9,1,JA-9-1,750-F,F,2,Self,Tank24,1,1,0,0,1,Multiple,1
7/31/18,8/14/18,Final,10,14,JA-9,1,JA-9-1,750-F,F,2,Self,Tank24,1,2,1,1,1,Multiple,1
7/31/18,7/31/18,Initial,0,0,JA-9,2,JA-9-2,750-F,F,2,Self,Tank21,1,1,0,0,1,Multiple,1
7/31/18,8/1/18,Mid,1,1,JA-9,2,JA-9-2,750-F,F,2,Self,Tank21,1,1,0,0,1,Multiple,1
7/31/18,8/8/18,Mid,5,8,JA-9,2,JA-9-2,750-F,F,2,Self,Tank24,1,1,0,0,1,Multiple,1
7/31/18,8/14/18,Final,10,14,JA-9,2,JA-9-2,750-F,F,2,Self,Tank24,1,2,1,1,1,Multiple,1
8/3/18,8/3/18,Initial,0,0,JN-23,1,JN-23-1,806-42,42,2,Self,Tank21,1,1,0,0,1,Multiple,1
8/3/18,8/4/18,Mid,1,1,JN-23,1,JN-23-1,806-42,42,2,Self,Tank21,1,1,0,0,1,Multiple,1
8/3/18,8/9/18,Mid,5,6,JN-23,1,JN-23-1,806-42,42,2,Self,Tank22,0,NA,0,0,1,Multiple,1
8/3/18,8/14/18,Final,10,11,JN-23,1,JN-23-1,806-42,42,2,Self,Tank22,0,NA,0,0,1,Multiple,1
8/3/18,8/3/18,Initial,0,0,JN-23,2,JN-23-2,806-42,42,2,Self,Tank21,1,1,0,0,1,Multiple,1
8/3/18,8/4/18,Mid,1,1,JN-23,2,JN-23-2,806-42,42,2,Self,Tank21,1,1,0,0,1,Multiple,1
8/3/18,8/9/18,Mid,5,6,JN-23,2,JN-23-2,806-42,42,2,Self,Tank22,0,NA,0,0,1,Multiple,1
8/3/18,8/14/18,Final,10,11,JN-23,2,JN-23-2,806-42,42,2,Self,Tank22,0,NA,0,0,1,Multiple,1
7/30/18,7/30/18,Initial,0,0,JS-1,1,JS-1-1,813-25,25,1,Individual,Tank24,1,1,0,0,1,Individual,1
7/30/18,8/1/18,Mid,1,2,JS-1,1,JS-1-1,813-25,25,1,Individual,Tank24,1,1,0,0,1,Individual,1
7/30/18,8/8/18,Mid,10,9,JS-1,1,JS-1-1,813-25,25,1,Individual,Tank20,1,5,0,0,1,Individual,1
7/30/18,8/14/18,Final,15,15,JS-1,1,JS-1-1,813-25,25,1,Individual,Tank20,1,5,0,0,1,Individual,1
7/31/18,7/31/18,Initial,0,0,JS-10,1,JS-10-1,841-47,47,1,Individual,Tank21,1,1,0,0,1,Individual,1
7/31/18,8/1/18,Mid,1,1,JS-10,1,JS-10-1,841-47,47,1,Individual,Tank21,1,1,0,0,1,Individual,1
7/31/18,8/8/18,Mid,10,8,JS-10,1,JS-10-1,841-47,47,1,Individual,Tank24,1,1,0,0,1,Individual,1
7/31/18,8/14/18,Final,15,14,JS-10,1,JS-10-1,841-47,47,1,Individual,Tank24,1,4,0,0,1,Individual,1
7/31/18,7/31/18,Initial,0,0,JS-11,1,JS-11-1,841-47,47,1,Individual,Tank21,1,1,0,0,1,Individual,1
7/31/18,8/1/18,Mid,1,1,JS-11,1,JS-11-1,841-47,47,1,Individual,Tank21,1,1,0,0,1,Individual,1
7/31/18,8/8/18,Mid,10,8,JS-11,1,JS-11-1,841-47,47,1,Individual,Tank24,1,2,0,0,1,Individual,1
7/31/18,8/14/18,Final,15,14,JS-11,1,JS-11-1,841-47,47,1,Individual,Tank24,1,3,0,0,1,Individual,1
7/31/18,7/31/18,Initial,0,0,JS-12,1,JS-12-1,841-47,47,1,Individual,Tank21,1,1,0,0,1,Individual,1
7/31/18,8/1/18,Mid,1,1,JS-12,1,JS-12-1,841-47,47,1,Individual,Tank21,1,1,0,0,1,Individual,1
7/31/18,8/8/18,Mid,10,8,JS-12,1,JS-12-1,841-47,47,1,Individual,Tank24,1,4,0,0,1,Individual,1
7/31/18,8/14/18,Final,15,14,JS-12,1,JS-12-1,841-47,47,1,Individual,Tank24,1,4,0,0,1,Individual,1
7/31/18,7/31/18,Initial,0,0,JS-13,1,JS-13-1,812-25,25,1,Individual,Tank21,1,1,0,0,1,Individual,1
7/31/18,8/1/18,Mid,1,1,JS-13,1,JS-13-1,812-25,25,1,Individual,Tank21,1,1,0,0,1,Individual,1
7/31/18,8/8/18,Mid,10,8,JS-13,1,JS-13-1,812-25,25,1,Individual,Tank24,1,3,0,0,1,Individual,1
7/31/18,8/14/18,Final,15,14,JS-13,1,JS-13-1,812-25,25,1,Individual,Tank24,1,3,0,0,1,Individual,1
7/31/18,7/31/18,Initial,0,0,JS-14,1,JS-14-1,812-25,25,1,Individual,Tank21,1,1,0,0,1,Individual,1
7/31/18,8/1/18,Mid,1,1,JS-14,1,JS-14-1,812-25,25,1,Individual,Tank21,1,1,0,0,1,Individual,1
7/31/18,8/8/18,Mid,10,8,JS-14,1,JS-14-1,812-25,25,1,Individual,Tank24,1,2,0,0,1,Individual,1
7/31/18,8/14/18,Final,15,14,JS-14,1,JS-14-1,812-25,25,1,Individual,Tank24,1,2,0,0,1,Individual,1
7/31/18,7/31/18,Initial,0,0,JS-15,1,JS-15-1,812-25,25,1,Individual,Tank21,1,1,0,0,1,Individual,1
7/31/18,8/1/18,Mid,1,1,JS-15,1,JS-15-1,812-25,25,1,Individual,Tank21,1,1,0,0,1,Individual,1
7/31/18,8/8/18,Mid,10,8,JS-15,1,JS-15-1,812-25,25,1,Individual,Tank24,1,1,0,0,1,Individual,1
7/31/18,8/14/18,Final,15,14,JS-15,1,JS-15-1,812-25,25,1,Individual,Tank24,1,1,0,0,1,Individual,1
7/31/18,7/31/18,Initial,0,0,JS-16,1,JS-16-1,812-25,25,1,Individual,Tank23,1,1,0,0,1,Individual,1
7/31/18,8/1/18,Mid,1,1,JS-16,1,JS-16-1,812-25,25,1,Individual,Tank23,1,1,0,0,1,Individual,1
7/31/18,8/8/18,Mid,10,8,JS-16,1,JS-16-1,812-25,25,1,Individual,Tank24,1,1,0,0,1,Individual,1
7/31/18,8/14/18,Final,15,14,JS-16,1,JS-16-1,812-25,25,1,Individual,Tank24,1,1,0,0,1,Individual,1
8/1/18,8/1/18,Initial,0,0,JS-17,1,JS-17-1,801-47,47,1,Individual,Tank19,1,1,0,0,1,Individual,1
8/1/18,8/2/18,Mid,1,1,JS-17,1,JS-17-1,801-47,47,1,Individual,Tank19,1,1,0,0,1,Individual,1
8/1/18,8/9/18,Mid,10,8,JS-17,1,JS-17-1,801-47,47,1,Individual,Tank21,1,2,0,0,1,Individual,1
8/1/18,8/14/18,Final,15,13,JS-17,1,JS-17-1,801-47,47,1,Individual,Tank21,1,4,0,0,1,Individual,1
8/1/18,8/1/18,Initial,0,0,JS-18,1,JS-18-1,801-47,47,1,Individual,Tank19,1,1,0,0,1,Individual,1
8/1/18,8/2/18,Mid,1,1,JS-18,1,JS-18-1,801-47,47,1,Individual,Tank19,1,1,0,0,1,Individual,1
8/1/18,8/9/18,Mid,10,8,JS-18,1,JS-18-1,801-47,47,1,Individual,Tank21,0,NA,0,0,1,Individual,1
8/1/18,8/14/18,Final,15,13,JS-18,1,JS-18-1,801-47,47,1,Individual,Tank21,0,NA,0,0,1,Individual,1
8/1/18,8/1/18,Initial,0,0,JS-19,1,JS-19-1,801-47,47,1,Individual,Tank19,1,1,0,0,1,Individual,1
8/1/18,8/2/18,Mid,1,1,JS-19,1,JS-19-1,801-47,47,1,Individual,Tank19,1,1,0,0,1,Individual,1
8/1/18,8/9/18,Mid,10,8,JS-19,1,JS-19-1,801-47,47,1,Individual,Tank21,0,NA,0,0,1,Individual,1
8/1/18,8/14/18,Final,15,13,JS-19,1,JS-19-1,801-47,47,1,Individual,Tank21,0,NA,0,0,1,Individual,1
7/30/18,7/30/18,Initial,0,0,JS-2,1,JS-2-1,813-25,25,1,Individual,Tank24,1,1,0,0,1,Individual,1
7/30/18,8/1/18,Mid,1,2,JS-2,1,JS-2-1,813-25,25,1,Individual,Tank24,1,1,0,0,1,Individual,1
7/30/18,8/8/18,Mid,10,9,JS-2,1,JS-2-1,813-25,25,1,Individual,Tank20,1,6,0,0,1,Individual,1
7/30/18,8/14/18,Final,15,15,JS-2,1,JS-2-1,813-25,25,1,Individual,Tank20,1,6,0,0,1,Individual,1
8/1/18,8/1/18,Initial,0,0,JS-20,1,JS-20-1,801-47,47,1,Individual,Tank19,1,1,0,0,1,Individual,1
8/1/18,8/9/18,Mid,10,8,JS-20,1,JS-20-1,801-47,47,1,Individual,Tank21,0,NA,0,0,1,Individual,1
8/1/18,8/14/18,Final,15,13,JS-20,1,JS-20-1,801-47,47,1,Individual,Tank21,0,NA,0,0,1,Individual,1
8/1/18,8/1/18,Initial,0,0,JS-21,1,JS-21-1,824-1,1,1,Individual,Tank19,1,1,0,0,1,Individual,1
8/1/18,8/9/18,Mid,10,8,JS-21,1,JS-21-1,824-1,1,1,Individual,Tank21,0,NA,0,0,1,Individual,1
8/1/18,8/14/18,Final,15,13,JS-21,1,JS-21-1,824-1,1,1,Individual,Tank21,0,NA,0,0,1,Individual,1
8/1/18,8/1/18,Initial,0,0,JS-22,1,JS-22-1,824-1,1,1,Individual,Tank19,1,1,0,0,1,Individual,1
8/1/18,8/9/18,Mid,10,8,JS-22,1,JS-22-1,824-1,1,1,Individual,Tank21,0,NA,0,0,1,Individual,1
8/1/18,8/14/18,Final,15,13,JS-22,1,JS-22-1,824-1,1,1,Individual,Tank21,0,NA,0,0,1,Individual,1
8/1/18,8/1/18,Initial,0,0,JS-23,1,JS-23-1,742-F,F,1,Individual,Tank19,1,1,0,0,1,Individual,1
8/1/18,8/2/18,Mid,1,1,JS-23,1,JS-23-1,742-F,F,1,Individual,Tank19,1,1,0,0,1,Individual,1
8/1/18,8/9/18,Mid,10,8,JS-23,1,JS-23-1,742-F,F,1,Individual,Tank21,1,1,0,0,1,Individual,1
8/1/18,8/14/18,Final,15,13,JS-23,1,JS-23-1,742-F,F,1,Individual,Tank21,1,2,0,0,1,Individual,1
8/1/18,8/1/18,Initial,0,0,JS-24,1,JS-24-1,742-F,F,1,Individual,Tank19,1,1,0,0,1,Individual,1
8/1/18,8/2/18,Mid,1,1,JS-24,1,JS-24-1,742-F,F,1,Individual,Tank19,1,1,0,0,1,Individual,1
8/1/18,8/9/18,Mid,10,8,JS-24,1,JS-24-1,742-F,F,1,Individual,Tank21,1,2,0,0,1,Individual,1
8/1/18,8/14/18,Final,15,13,JS-24,1,JS-24-1,742-F,F,1,Individual,Tank21,1,3,0,0,1,Individual,1
8/1/18,8/1/18,Initial,0,0,JS-25,1,JS-25-1,742-F,F,1,Individual,Tank19,1,1,0,0,1,Individual,1
8/1/18,8/2/18,Mid,1,1,JS-25,1,JS-25-1,742-F,F,1,Individual,Tank19,1,1,0,0,1,Individual,1
8/1/18,8/9/18,Mid,10,8,JS-25,1,JS-25-1,742-F,F,1,Individual,Tank21,1,2,0,0,1,Individual,1
8/1/18,8/14/18,Final,15,13,JS-25,1,JS-25-1,742-F,F,1,Individual,Tank21,1,3,0,0,1,Individual,1
8/1/18,8/1/18,Initial,0,0,JS-26,1,JS-26-1,742-F,F,1,Individual,Tank19,1,1,0,0,1,Individual,1
8/1/18,8/2/18,Mid,1,1,JS-26,1,JS-26-1,742-F,F,1,Individual,Tank19,1,1,0,0,1,Individual,1
8/1/18,8/9/18,Mid,10,8,JS-26,1,JS-26-1,742-F,F,1,Individual,Tank21,1,2,0,0,1,Individual,1
8/1/18,8/14/18,Final,15,13,JS-26,1,JS-26-1,742-F,F,1,Individual,Tank21,1,2,0,0,1,Individual,1
8/1/18,8/1/18,Initial,0,0,JS-27,1,JS-27-1,821-47,47,1,Individual,Tank19,1,1,0,0,1,Individual,1
8/1/18,8/2/18,Mid,1,1,JS-27,1,JS-27-1,821-47,47,1,Individual,Tank19,1,1,0,0,1,Individual,1
8/1/18,8/9/18,Mid,10,8,JS-27,1,JS-27-1,821-47,47,1,Individual,Tank21,1,1,0,0,1,Individual,1
8/1/18,8/14/18,Final,15,13,JS-27,1,JS-27-1,821-47,47,1,Individual,Tank21,1,3,0,0,1,Individual,1
8/1/18,8/1/18,Initial,0,0,JS-28,1,JS-28-1,821-47,47,1,Individual,Tank19,1,1,0,0,1,Individual,1
8/1/18,8/2/18,Mid,1,1,JS-28,1,JS-28-1,821-47,47,1,Individual,Tank19,1,1,0,0,1,Individual,1
8/1/18,8/9/18,Mid,10,8,JS-28,1,JS-28-1,821-47,47,1,Individual,Tank21,1,5,0,0,1,Individual,1
8/1/18,8/14/18,Final,15,13,JS-28,1,JS-28-1,821-47,47,1,Individual,Tank21,1,5,0,0,1,Individual,1
8/3/18,8/3/18,Initial,0,0,JS-29,1,JS-29-1,807-42,42,1,Individual,Tank21,1,1,0,0,1,Individual,1
8/3/18,8/4/18,Mid,1,1,JS-29,1,JS-29-1,807-42,42,1,Individual,Tank21,1,1,0,0,1,Individual,1
8/3/18,8/9/18,Mid,5,6,JS-29,1,JS-29-1,807-42,42,1,Individual,Tank22,1,5,0,0,1,Individual,1
8/3/18,8/14/18,Final,10,11,JS-29,1,JS-29-1,807-42,42,1,Individual,Tank22,1,5,0,0,1,Individual,1
7/30/18,7/30/18,Initial,0,0,JS-3,1,JS-3-1,813-25,25,1,Individual,Tank24,1,1,0,0,1,Individual,1
7/30/18,8/1/18,Mid,1,2,JS-3,1,JS-3-1,813-25,25,1,Individual,Tank24,1,1,0,0,1,Individual,1
7/30/18,8/8/18,Mid,10,9,JS-3,1,JS-3-1,813-25,25,1,Individual,Tank20,1,3,0,0,1,Individual,1
7/30/18,8/14/18,Final,15,15,JS-3,1,JS-3-1,813-25,25,1,Individual,Tank20,1,4,0,0,1,Individual,1
8/3/18,8/3/18,Initial,0,0,JS-30,1,JS-30-1,807-42,42,1,Individual,Tank21,1,1,0,0,1,Individual,1
8/3/18,8/4/18,Mid,1,1,JS-30,1,JS-30-1,807-42,42,1,Individual,Tank21,1,1,0,0,1,Individual,1
8/3/18,8/9/18,Mid,5,6,JS-30,1,JS-30-1,807-42,42,1,Individual,Tank22,1,5,0,0,1,Individual,1
8/3/18,8/14/18,Final,10,11,JS-30,1,JS-30-1,807-42,42,1,Individual,Tank22,1,6,0,0,1,Individual,1
8/3/18,8/3/18,Initial,0,0,JS-31,1,JS-31-1,807-42,42,1,Individual,Tank21,1,1,0,0,1,Individual,1
8/3/18,8/4/18,Mid,1,1,JS-31,1,JS-31-1,807-42,42,1,Individual,Tank21,1,1,0,0,1,Individual,1
8/3/18,8/9/18,Mid,5,6,JS-31,1,JS-31-1,807-42,42,1,Individual,Tank22,1,5,0,0,1,Individual,1
8/3/18,8/14/18,Final,10,11,JS-31,1,JS-31-1,807-42,42,1,Individual,Tank22,1,6,0,0,1,Individual,1
8/3/18,8/3/18,Initial,0,0,JS-32,1,JS-32-1,807-42,42,1,Individual,Tank21,1,1,0,0,1,Individual,1
8/3/18,8/4/18,Mid,1,1,JS-32,1,JS-32-1,807-42,42,1,Individual,Tank21,1,1,0,0,1,Individual,1
8/3/18,8/9/18,Mid,5,6,JS-32,1,JS-32-1,807-42,42,1,Individual,Tank22,0,NA,0,0,1,Individual,1
8/3/18,8/14/18,Final,10,11,JS-32,1,JS-32-1,807-42,42,1,Individual,Tank22,0,NA,0,0,1,Individual,1
8/3/18,8/3/18,Initial,0,0,JS-33,1,JS-33-1,743-13,13,1,Individual,Tank21,1,1,0,0,1,Individual,1
8/3/18,8/4/18,Mid,1,1,JS-33,1,JS-33-1,743-13,13,1,Individual,Tank21,1,1,0,0,1,Individual,1
8/3/18,8/9/18,Mid,5,6,JS-33,1,JS-33-1,743-13,13,1,Individual,Tank22,1,1,0,0,1,Individual,1
8/3/18,8/14/18,Final,10,11,JS-33,1,JS-33-1,743-13,13,1,Individual,Tank22,1,4,0,0,1,Individual,1
8/3/18,8/3/18,Initial,0,0,JS-34,1,JS-34-1,744-1,1,1,Individual,Tank21,1,1,0,0,1,Individual,1
8/3/18,8/4/18,Mid,1,1,JS-34,1,JS-34-1,744-1,1,1,Individual,Tank21,1,1,0,0,1,Individual,1
8/3/18,8/9/18,Mid,5,6,JS-34,1,JS-34-1,744-1,1,1,Individual,Tank22,0,NA,0,0,1,Individual,1
8/3/18,8/14/18,Final,10,11,JS-34,1,JS-34-1,744-1,1,1,Individual,Tank22,0,NA,0,0,1,Individual,1
8/3/18,8/3/18,Initial,0,0,JS-35,1,JS-35-1,744-1,1,1,Individual,Tank21,1,1,0,0,1,Individual,1
8/3/18,8/4/18,Mid,1,1,JS-35,1,JS-35-1,744-1,1,1,Individual,Tank21,1,1,0,0,1,Individual,1
8/3/18,8/9/18,Mid,5,6,JS-35,1,JS-35-1,744-1,1,1,Individual,Tank22,1,1,0,0,1,Individual,1
8/3/18,8/14/18,Final,10,11,JS-35,1,JS-35-1,744-1,1,1,Individual,Tank22,1,2,0,0,1,Individual,1
8/3/18,8/3/18,Initial,0,0,JS-36,1,JS-36-1,744-1,1,1,Individual,Tank21,1,1,0,0,1,Individual,1
8/3/18,8/4/18,Mid,1,1,JS-36,1,JS-36-1,744-1,1,1,Individual,Tank21,1,1,0,0,1,Individual,1
8/3/18,8/9/18,Mid,5,6,JS-36,1,JS-36-1,744-1,1,1,Individual,Tank22,1,1,0,0,1,Individual,1
8/3/18,8/14/18,Final,10,11,JS-36,1,JS-36-1,744-1,1,1,Individual,Tank22,1,2,0,0,1,Individual,1
8/3/18,8/3/18,Initial,0,0,JS-37,1,JS-37-1,806-42,42,1,Individual,Tank21,1,1,0,0,1,Individual,1
8/3/18,8/4/18,Mid,1,1,JS-37,1,JS-37-1,806-42,42,1,Individual,Tank21,1,1,0,0,1,Individual,1
8/3/18,8/9/18,Mid,5,6,JS-37,1,JS-37-1,806-42,42,1,Individual,Tank22,1,3,0,0,1,Individual,1
8/3/18,8/14/18,Final,10,11,JS-37,1,JS-37-1,806-42,42,1,Individual,Tank22,1,5,0,0,1,Individual,1
8/3/18,8/3/18,Initial,0,0,JS-38,1,JS-38-1,806-42,42,1,Individual,Tank21,1,1,0,0,1,Individual,1
8/3/18,8/4/18,Mid,1,1,JS-38,1,JS-38-1,806-42,42,1,Individual,Tank21,1,1,0,0,1,Individual,1
8/3/18,8/9/18,Mid,5,6,JS-38,1,JS-38-1,806-42,42,1,Individual,Tank22,1,1,0,0,1,Individual,1
8/3/18,8/14/18,Final,10,11,JS-38,1,JS-38-1,806-42,42,1,Individual,Tank22,1,5,0,0,1,Individual,1
8/3/18,8/3/18,Initial,0,0,JS-39,1,JS-39-1,806-42,42,1,Individual,Tank21,1,1,0,0,1,Individual,1
8/3/18,8/4/18,Mid,1,1,JS-39,1,JS-39-1,806-42,42,1,Individual,Tank21,1,1,0,0,1,Individual,1
8/3/18,8/9/18,Mid,5,6,JS-39,1,JS-39-1,806-42,42,1,Individual,Tank22,1,1,0,0,1,Individual,1
8/3/18,8/14/18,Final,10,11,JS-39,1,JS-39-1,806-42,42,1,Individual,Tank22,1,2,0,0,1,Individual,1
7/30/18,7/30/18,Initial,0,0,JS-4,1,JS-4-1,813-25,25,1,Individual,Tank24,1,1,0,0,1,Individual,1
7/30/18,8/1/18,Mid,1,2,JS-4,1,JS-4-1,813-25,25,1,Individual,Tank24,1,1,0,0,1,Individual,1
7/30/18,8/8/18,Mid,10,9,JS-4,1,JS-4-1,813-25,25,1,Individual,Tank20,1,4,0,0,1,Individual,1
7/30/18,8/14/18,Final,15,15,JS-4,1,JS-4-1,813-25,25,1,Individual,Tank20,0,NA,0,0,1,Individual,1
8/3/18,8/3/18,Initial,0,0,JS-40,1,JS-40-1,806-42,42,1,Individual,Tank21,1,1,0,0,1,Individual,1
8/3/18,8/4/18,Mid,1,1,JS-40,1,JS-40-1,806-42,42,1,Individual,Tank21,1,1,0,0,1,Individual,1
8/3/18,8/9/18,Mid,5,6,JS-40,1,JS-40-1,806-42,42,1,Individual,Tank22,1,1,0,0,1,Individual,1
8/3/18,8/14/18,Final,10,11,JS-40,1,JS-40-1,806-42,42,1,Individual,Tank22,1,3,0,0,1,Individual,1
8/3/18,8/3/18,Initial,0,0,JS-41,1,JS-41-1,813-25,25,1,Individual,Tank21,1,1,0,0,1,Individual,1
8/3/18,8/4/18,Mid,1,1,JS-41,1,JS-41-1,813-25,25,1,Individual,Tank21,1,1,0,0,1,Individual,1
8/3/18,8/9/18,Mid,5,6,JS-41,1,JS-41-1,813-25,25,1,Individual,Tank22,1,7,0,0,1,Individual,1
8/3/18,8/14/18,Final,10,11,JS-41,1,JS-41-1,813-25,25,1,Individual,Tank22,1,7,0,0,1,Individual,1
8/3/18,8/3/18,Initial,0,0,JS-42,1,JS-42-1,813-25,25,1,Individual,Tank21,1,1,0,0,1,Individual,1
8/3/18,8/4/18,Mid,1,1,JS-42,1,JS-42-1,813-25,25,1,Individual,Tank21,1,1,0,0,1,Individual,1
8/3/18,8/9/18,Mid,5,6,JS-42,1,JS-42-1,813-25,25,1,Individual,Tank22,1,8,0,0,1,Individual,1
8/3/18,8/14/18,Final,10,11,JS-42,1,JS-42-1,813-25,25,1,Individual,Tank22,1,8,0,0,1,Individual,1
8/4/18,8/4/18,Initial,0,0,JS-43,1,JS-43-1,742-F,F,1,Individual,Tank24,1,1,0,0,1,Individual,1
8/4/18,8/6/18,Mid,1,2,JS-43,1,JS-43-1,742-F,F,1,Individual,Tank24,1,1,0,0,1,Individual,1
8/4/18,8/10/18,Mid,5,6,JS-43,1,JS-43-1,742-F,F,1,Individual,Tank20,1,1,0,0,1,Individual,1
8/4/18,8/14/18,Final,10,10,JS-43,1,JS-43-1,742-F,F,1,Individual,Tank20,1,3,0,0,1,Individual,1
8/4/18,8/4/18,Initial,0,0,JS-44,1,JS-44-1,801-47,47,1,Individual,Tank24,1,1,0,0,1,Individual,1
8/4/18,8/6/18,Mid,1,2,JS-44,1,JS-44-1,801-47,47,1,Individual,Tank24,1,1,0,0,1,Individual,1
8/4/18,8/10/18,Mid,5,6,JS-44,1,JS-44-1,801-47,47,1,Individual,Tank20,1,1,0,0,1,Individual,1
8/4/18,8/14/18,Final,10,10,JS-44,1,JS-44-1,801-47,47,1,Individual,Tank20,1,2,0,0,1,Individual,1
8/4/18,8/4/18,Initial,0,0,JS-45,1,JS-45-1,806-42,42,1,Individual,Tank24,1,1,0,0,1,Individual,1
8/4/18,8/6/18,Mid,1,2,JS-45,1,JS-45-1,806-42,42,1,Individual,Tank24,1,1,0,0,1,Individual,1
8/4/18,8/10/18,Mid,5,6,JS-45,1,JS-45-1,806-42,42,1,Individual,Tank20,1,1,0,0,1,Individual,1
8/4/18,8/14/18,Final,10,10,JS-45,1,JS-45-1,806-42,42,1,Individual,Tank20,1,2,0,0,1,Individual,1
8/4/18,8/4/18,Initial,0,0,JS-46,1,JS-46-1,806-42,42,1,Individual,Tank24,1,1,0,0,1,Individual,1
8/4/18,8/6/18,Mid,1,2,JS-46,1,JS-46-1,806-42,42,1,Individual,Tank24,1,1,0,0,1,Individual,1
8/4/18,8/10/18,Mid,5,6,JS-46,1,JS-46-1,806-42,42,1,Individual,Tank20,1,1,0,0,1,Individual,1
8/4/18,8/14/18,Final,10,10,JS-46,1,JS-46-1,806-42,42,1,Individual,Tank20,1,2,0,0,1,Individual,1
8/4/18,8/4/18,Initial,0,0,JS-47,1,JS-47-1,806-42,42,1,Individual,Tank24,1,1,0,0,1,Individual,1
8/4/18,8/6/18,Mid,1,2,JS-47,1,JS-47-1,806-42,42,1,Individual,Tank24,1,1,0,0,1,Individual,1
8/4/18,8/10/18,Mid,5,6,JS-47,1,JS-47-1,806-42,42,1,Individual,Tank20,1,1,0,0,1,Individual,1
8/4/18,8/14/18,Final,10,10,JS-47,1,JS-47-1,806-42,42,1,Individual,Tank20,1,1,0,0,1,Individual,1
8/4/18,8/4/18,Initial,0,0,JS-48,1,JS-48-1,823-1,1,1,Individual,Tank24,1,1,0,0,1,Individual,1
8/4/18,8/6/18,Mid,1,2,JS-48,1,JS-48-1,823-1,1,1,Individual,Tank24,1,1,0,0,1,Individual,1
8/4/18,8/10/18,Mid,5,6,JS-48,1,JS-48-1,823-1,1,1,Individual,Tank20,1,5,0,0,1,Individual,1
8/4/18,8/14/18,Final,10,10,JS-48,1,JS-48-1,823-1,1,1,Individual,Tank20,1,8,0,0,1,Individual,1
7/30/18,7/30/18,Initial,0,0,JS-5,1,JS-5-1,741-F,F,1,Individual,Tank24,1,1,0,0,1,Individual,1
7/30/18,8/1/18,Mid,1,2,JS-5,1,JS-5-1,741-F,F,1,Individual,Tank24,1,1,0,0,1,Individual,1
7/30/18,8/8/18,Mid,10,9,JS-5,1,JS-5-1,741-F,F,1,Individual,Tank20,1,1,0,0,1,Individual,1
7/30/18,8/14/18,Final,15,15,JS-5,1,JS-5-1,741-F,F,1,Individual,Tank20,1,4,0,0,1,Individual,1
7/31/18,7/31/18,Initial,0,0,JS-6,1,JS-6-1,804-42,42,1,Individual,Tank21,1,1,0,0,1,Individual,1
7/31/18,8/1/18,Mid,1,1,JS-6,1,JS-6-1,804-42,42,1,Individual,Tank21,0,NA,0,0,1,Individual,1
7/31/18,8/8/18,Mid,10,8,JS-6,1,JS-6-1,804-42,42,1,Individual,Tank24,0,NA,0,0,1,Individual,1
7/31/18,8/14/18,Final,15,14,JS-6,1,JS-6-1,804-42,42,1,Individual,Tank24,0,NA,0,0,1,Individual,1
7/31/18,7/31/18,Initial,0,0,JS-7,1,JS-7-1,804-42,42,1,Individual,Tank21,1,1,0,0,1,Individual,1
7/31/18,8/1/18,Mid,1,1,JS-7,1,JS-7-1,804-42,42,1,Individual,Tank21,0,NA,0,0,1,Individual,1
7/31/18,8/8/18,Mid,10,8,JS-7,1,JS-7-1,804-42,42,1,Individual,Tank24,0,NA,0,0,1,Individual,1
7/31/18,8/14/18,Final,15,14,JS-7,1,JS-7-1,804-42,42,1,Individual,Tank24,0,NA,0,0,1,Individual,1
7/31/18,7/31/18,Initial,0,0,JS-8,1,JS-8-1,804-42,42,1,Individual,Tank21,1,1,0,0,1,Individual,1
7/31/18,8/1/18,Mid,1,1,JS-8,1,JS-8-1,804-42,42,1,Individual,Tank21,0,NA,0,0,1,Individual,1
7/31/18,8/8/18,Mid,10,8,JS-8,1,JS-8-1,804-42,42,1,Individual,Tank24,0,NA,0,0,1,Individual,1
7/31/18,8/14/18,Final,15,14,JS-8,1,JS-8-1,804-42,42,1,Individual,Tank24,0,NA,0,0,1,Individual,1
7/31/18,7/31/18,Initial,0,0,JS-9,1,JS-9-1,841-47,47,1,Individual,Tank21,1,1,0,0,1,Individual,1
7/31/18,8/1/18,Mid,1,1,JS-9,1,JS-9-1,841-47,47,1,Individual,Tank21,1,1,0,0,1,Individual,1
7/31/18,8/8/18,Mid,10,8,JS-9,1,JS-9-1,841-47,47,1,Individual,Tank24,1,3,0,0,1,Individual,1
7/31/18,8/14/18,Final,15,14,JS-9,1,JS-9-1,841-47,47,1,Individual,Tank24,1,5,0,0,1,Individual,1
8/7/18,8/7/18,Initial,0,0,AN-10,1,AN-10-1,807-42,42,2,Non-Self,Tank23,1,1,0,0,2,Multiple,2
8/7/18,8/7/18,Mid,1,1,AN-10,1,AN-10-1,807-42,42,2,Non-Self,Tank23,1,1,0,0,2,Multiple,2
8/7/18,8/10/18,Mid,5,3,AN-10,1,AN-10-1,807-42,42,2,Non-Self,Tank22,1,1,1,1,2,Multiple,2
8/7/18,8/14/18,Final,10,7,AN-10,1,AN-10-1,807-42,42,2,Non-Self,Tank22,1,4,1,1,2,Multiple,2
8/7/18,8/7/18,Initial,0,0,AN-10,2,AN-10-2,806-42,42,2,Non-Self,Tank23,1,1,0,0,2,Multiple,2
8/7/18,8/7/18,Mid,1,1,AN-10,2,AN-10-2,806-42,42,2,Non-Self,Tank23,1,1,0,0,2,Multiple,2
8/7/18,8/10/18,Mid,5,3,AN-10,2,AN-10-2,806-42,42,2,Non-Self,Tank22,1,1,1,1,2,Multiple,2
8/7/18,8/14/18,Final,10,7,AN-10,2,AN-10-2,806-42,42,2,Non-Self,Tank22,1,1,1,1,2,Multiple,2
8/6/18,8/6/18,Initial,0,0,AN-3,1,AN-3-1,743-13,13,2,Non-Self,Tank17,1,1,0,0,2,Multiple,2
8/6/18,8/6/18,Mid,1,1,AN-3,1,AN-3-1,743-13,13,2,Non-Self,Tank17,1,1,0,0,2,Multiple,2
8/6/18,8/10/18,Mid,5,4,AN-3,1,AN-3-1,743-13,13,2,Non-Self,Tank23,1,1,0,0,2,Multiple,2
8/6/18,8/14/18,Final,10,8,AN-3,1,AN-3-1,743-13,13,2,Non-Self,Tank23,1,2,1,1,2,Multiple,2
8/6/18,8/6/18,Initial,0,0,AN-3,2,AN-3-2,744-1,1,2,Non-Self,Tank17,1,1,0,0,2,Multiple,2
8/6/18,8/6/18,Mid,1,1,AN-3,2,AN-3-2,744-1,1,2,Non-Self,Tank17,1,1,0,0,2,Multiple,2
8/6/18,8/10/18,Mid,5,4,AN-3,2,AN-3-2,744-1,1,2,Non-Self,Tank23,1,1,0,0,2,Multiple,2
8/6/18,8/14/18,Final,10,8,AN-3,2,AN-3-2,744-1,1,2,Non-Self,Tank23,1,2,1,1,2,Multiple,2
8/7/18,8/7/18,Initial,0,0,AN-9,1,AN-9-1,807-42,42,2,Non-Self,Tank23,1,1,0,0,2,Multiple,2
8/7/18,8/7/18,Mid,1,1,AN-9,1,AN-9-1,807-42,42,2,Non-Self,Tank23,1,1,0,0,2,Multiple,2
8/7/18,8/10/18,Mid,5,3,AN-9,1,AN-9-1,807-42,42,2,Non-Self,Tank22,0,NA,0,0,2,Multiple,2
8/7/18,8/14/18,Final,10,7,AN-9,1,AN-9-1,807-42,42,2,Non-Self,Tank22,0,NA,0,0,2,Multiple,2
8/7/18,8/7/18,Initial,0,0,AN-9,2,AN-9-2,806-42,42,2,Non-Self,Tank23,1,1,0,0,2,Multiple,2
8/7/18,8/7/18,Mid,1,1,AN-9,2,AN-9-2,806-42,42,2,Non-Self,Tank23,1,1,0,0,2,Multiple,2
8/7/18,8/10/18,Mid,5,3,AN-9,2,AN-9-2,806-42,42,2,Non-Self,Tank22,0,NA,0,0,2,Multiple,2
8/7/18,8/14/18,Final,10,7,AN-9,2,AN-9-2,806-42,42,2,Non-Self,Tank22,0,NA,0,0,2,Multiple,2
7/30/18,7/30/18,Initial,0,0,JN-1,1,JN-1-1,813-25,25,2,Non-Self,Tank24,1,1,0,0,2,Multiple,2
7/30/18,8/1/18,Mid,1,2,JN-1,1,JN-1-1,813-25,25,2,Non-Self,Tank24,1,1,0,0,2,Multiple,2
7/30/18,8/8/18,Mid,10,9,JN-1,1,JN-1-1,813-25,25,2,Non-Self,Tank20,1,3,1,1,2,Multiple,2
7/30/18,8/14/18,Final,15,15,JN-1,1,JN-1-1,813-25,25,2,Non-Self,Tank20,1,3,1,1,2,Multiple,2
7/30/18,7/30/18,Initial,0,0,JN-1,2,JN-1-2,831-47,47,2,Non-Self,Tank24,1,1,0,0,2,Multiple,2
7/30/18,8/1/18,Mid,1,2,JN-1,2,JN-1-2,831-47,47,2,Non-Self,Tank24,1,1,0,0,2,Multiple,2
7/30/18,8/8/18,Mid,10,9,JN-1,2,JN-1-2,831-47,47,2,Non-Self,Tank20,1,4,1,1,2,Multiple,2
7/30/18,8/14/18,Final,15,15,JN-1,2,JN-1-2,831-47,47,2,Non-Self,Tank20,1,5,1,1,2,Multiple,2
8/1/18,8/1/18,Initial,0,0,JN-14,1,JN-14-1,742-F,F,2,Non-Self,Tank19,1,1,0,0,2,Multiple,1
8/1/18,8/2/18,Mid,1,1,JN-14,1,JN-14-1,742-F,F,2,Non-Self,Tank19,1,1,0,0,2,Multiple,1
8/1/18,8/9/18,Mid,10,8,JN-14,1,JN-14-1,742-F,F,2,Non-Self,Tank21,1,3,1,1,2,Multiple,1
8/1/18,8/14/18,Final,15,13,JN-14,1,JN-14-1,742-F,F,2,Non-Self,Tank21,1,4,1,1,2,Multiple,1
8/1/18,8/1/18,Initial,0,0,JN-14,2,JN-14-2,801-47,47,2,Non-Self,Tank19,1,1,0,0,2,Multiple,1
8/1/18,8/2/18,Mid,1,1,JN-14,2,JN-14-2,801-47,47,2,Non-Self,Tank19,1,1,0,0,2,Multiple,1
8/1/18,8/9/18,Mid,10,8,JN-14,2,JN-14-2,801-47,47,2,Non-Self,Tank21,1,3,1,1,2,Multiple,1
8/1/18,8/14/18,Final,15,13,JN-14,2,JN-14-2,801-47,47,2,Non-Self,Tank21,1,4,1,1,2,Multiple,1
8/2/18,8/2/18,Initial,0,0,JN-15,1,JN-15-1,803-1,1,2,Non-Self,Tank17,1,1,0,0,2,Multiple,2
8/2/18,8/3/18,Mid,1,1,JN-15,1,JN-15-1,803-1,1,2,Non-Self,Tank17,1,1,0,0,2,Multiple,2
8/2/18,8/9/18,Mid,10,7,JN-15,1,JN-15-1,803-1,1,2,Non-Self,Tank23,1,1,0,0,2,Multiple,2
8/2/18,8/14/18,Final,15,12,JN-15,1,JN-15-1,803-1,1,2,Non-Self,Tank23,1,6,0,0,2,Multiple,2
8/2/18,8/2/18,Initial,0,0,JN-15,2,JN-15-2,823-1,1,2,Non-Self,Tank17,1,1,0,0,2,Multiple,2
8/2/18,8/3/18,Mid,1,1,JN-15,2,JN-15-2,823-1,1,2,Non-Self,Tank17,1,1,0,0,2,Multiple,2
8/2/18,8/9/18,Mid,10,7,JN-15,2,JN-15-2,823-1,1,2,Non-Self,Tank23,0,NA,0,0,2,Multiple,2
8/2/18,8/14/18,Final,15,12,JN-15,2,JN-15-2,823-1,1,2,Non-Self,Tank23,0,NA,0,0,2,Multiple,2
7/30/18,7/30/18,Initial,0,0,JN-2,1,JN-2-1,813-25,25,2,Non-Self,Tank24,1,1,0,0,2,Multiple,2
7/30/18,8/1/18,Mid,1,2,JN-2,1,JN-2-1,813-25,25,2,Non-Self,Tank24,1,1,0,0,2,Multiple,2
7/30/18,8/8/18,Mid,10,9,JN-2,1,JN-2-1,813-25,25,2,Non-Self,Tank20,0,NA,0,0,2,Multiple,2
7/30/18,8/14/18,Final,15,15,JN-2,1,JN-2-1,813-25,25,2,Non-Self,Tank20,0,NA,0,0,2,Multiple,2
7/30/18,7/30/18,Initial,0,0,JN-2,2,JN-2-2,741-F,F,2,Non-Self,Tank24,1,1,0,0,2,Multiple,2
7/30/18,8/1/18,Mid,1,2,JN-2,2,JN-2-2,741-F,F,2,Non-Self,Tank24,1,1,0,0,2,Multiple,2
7/30/18,8/8/18,Mid,10,9,JN-2,2,JN-2-2,741-F,F,2,Non-Self,Tank20,0,NA,0,0,2,Multiple,2
7/30/18,8/14/18,Final,15,15,JN-2,2,JN-2-2,741-F,F,2,Non-Self,Tank20,0,NA,0,0,2,Multiple,2
8/3/18,8/3/18,Initial,0,0,JN-21,1,JN-21-1,806-42,42,2,Non-Self,Tank21,1,1,0,0,2,Multiple,2
8/3/18,8/4/18,Mid,1,1,JN-21,1,JN-21-1,806-42,42,2,Non-Self,Tank21,1,1,0,0,2,Multiple,2
8/3/18,8/9/18,Mid,5,6,JN-21,1,JN-21-1,806-42,42,2,Non-Self,Tank22,0,NA,0,0,2,Multiple,2
8/3/18,8/14/18,Final,10,11,JN-21,1,JN-21-1,806-42,42,2,Non-Self,Tank22,0,NA,0,0,2,Multiple,2
8/3/18,8/3/18,Initial,0,0,JN-21,2,JN-21-2,813-25,25,2,Non-Self,Tank21,1,1,0,0,2,Multiple,2
8/3/18,8/4/18,Mid,1,1,JN-21,2,JN-21-2,813-25,25,2,Non-Self,Tank21,1,1,0,0,2,Multiple,2
8/3/18,8/9/18,Mid,5,6,JN-21,2,JN-21-2,813-25,25,2,Non-Self,Tank22,0,NA,0,0,2,Multiple,2
8/3/18,8/14/18,Final,10,11,JN-21,2,JN-21-2,813-25,25,2,Non-Self,Tank22,0,NA,0,0,2,Multiple,2
8/3/18,8/3/18,Initial,0,0,JN-22,1,JN-22-1,815-25,25,2,Non-Self,Tank21,1,1,0,0,2,Multiple,2
8/3/18,8/4/18,Mid,1,1,JN-22,1,JN-22-1,815-25,25,2,Non-Self,Tank21,1,1,0,0,2,Multiple,2
8/3/18,8/9/18,Mid,5,6,JN-22,1,JN-22-1,815-25,25,2,Non-Self,Tank22,1,1,1,1,2,Multiple,2
8/3/18,8/14/18,Final,10,11,JN-22,1,JN-22-1,815-25,25,2,Non-Self,Tank22,0,NA,1,1,2,Multiple,2
8/3/18,8/3/18,Initial,0,0,JN-22,2,JN-22-2,807-42,42,2,Non-Self,Tank21,1,1,0,0,2,Multiple,2
8/3/18,8/4/18,Mid,1,1,JN-22,2,JN-22-2,807-42,42,2,Non-Self,Tank21,1,1,0,0,2,Multiple,2
8/3/18,8/9/18,Mid,5,6,JN-22,2,JN-22-2,807-42,42,2,Non-Self,Tank22,1,4,1,1,2,Multiple,2
8/3/18,8/14/18,Final,10,11,JN-22,2,JN-22-2,807-42,42,2,Non-Self,Tank22,1,6,1,1,2,Multiple,2
8/4/18,8/4/18,Initial,0,0,JN-24,1,JN-24-1,823-1,1,2,Non-Self,Tank24,1,1,0,0,2,Multiple,2
8/4/18,8/6/18,Mid,1,2,JN-24,1,JN-24-1,823-1,1,2,Non-Self,Tank24,1,1,0,0,2,Multiple,2
8/4/18,8/10/18,Mid,5,6,JN-24,1,JN-24-1,823-1,1,2,Non-Self,Tank20,1,6,0,0,2,Multiple,2
8/4/18,8/14/18,Final,10,10,JN-24,1,JN-24-1,823-1,1,2,Non-Self,Tank20,1,7,1,1,2,Multiple,2
8/4/18,8/4/18,Initial,0,0,JN-24,2,JN-24-2,801-47,47,2,Non-Self,Tank24,1,1,0,0,2,Multiple,2
8/4/18,8/6/18,Mid,1,2,JN-24,2,JN-24-2,801-47,47,2,Non-Self,Tank24,1,1,0,0,2,Multiple,2
8/4/18,8/10/18,Mid,5,6,JN-24,2,JN-24-2,801-47,47,2,Non-Self,Tank20,1,1,0,0,2,Multiple,2
8/4/18,8/14/18,Final,10,10,JN-24,2,JN-24-2,801-47,47,2,Non-Self,Tank20,1,4,1,1,2,Multiple,2
8/4/18,8/4/18,Initial,0,0,JN-25,1,JN-25-1,821-47,47,2,Non-Self,Tank24,1,1,0,0,2,Multiple,2
8/4/18,8/6/18,Mid,1,2,JN-25,1,JN-25-1,821-47,47,2,Non-Self,Tank24,1,1,0,0,2,Multiple,2
8/4/18,8/10/18,Mid,5,6,JN-25,1,JN-25-1,821-47,47,2,Non-Self,Tank20,1,3,1,1,2,Multiple,2
8/4/18,8/14/18,Final,10,10,JN-25,1,JN-25-1,821-47,47,2,Non-Self,Tank20,1,5,1,1,2,Multiple,2
8/4/18,8/4/18,Initial,0,0,JN-25,2,JN-25-2,803-42,42,2,Non-Self,Tank24,1,1,0,0,2,Multiple,2
8/4/18,8/6/18,Mid,1,2,JN-25,2,JN-25-2,803-42,42,2,Non-Self,Tank24,1,1,0,0,2,Multiple,2
8/4/18,8/10/18,Mid,5,6,JN-25,2,JN-25-2,803-42,42,2,Non-Self,Tank20,1,3,1,1,2,Multiple,2
8/4/18,8/14/18,Final,10,10,JN-25,2,JN-25-2,803-42,42,2,Non-Self,Tank20,1,3,1,1,2,Multiple,2
8/4/18,8/4/18,Initial,0,0,JN-27,1,JN-27-1,821-47,47,2,Non-Self,Tank24,1,1,0,0,2,Multiple,2
8/4/18,8/6/18,Mid,1,2,JN-27,1,JN-27-1,821-47,47,2,Non-Self,Tank24,1,1,0,0,2,Multiple,2
8/4/18,8/10/18,Mid,5,6,JN-27,1,JN-27-1,821-47,47,2,Non-Self,Tank20,1,3,0,0,2,Multiple,2
8/4/18,8/14/18,Final,10,10,JN-27,1,JN-27-1,821-47,47,2,Non-Self,Tank20,1,4,1,1,2,Multiple,2
8/4/18,8/4/18,Initial,0,0,JN-27,2,JN-27-2,806-42,42,2,Non-Self,Tank24,1,1,0,0,2,Multiple,2
8/4/18,8/6/18,Mid,1,2,JN-27,2,JN-27-2,806-42,42,2,Non-Self,Tank24,1,1,0,0,2,Multiple,2
8/4/18,8/10/18,Mid,5,6,JN-27,2,JN-27-2,806-42,42,2,Non-Self,Tank20,1,1,0,0,2,Multiple,2
8/4/18,8/14/18,Final,10,10,JN-27,2,JN-27-2,806-42,42,2,Non-Self,Tank20,1,3,1,1,2,Multiple,2
7/31/18,7/31/18,Initial,0,0,JN-7,1,JN-7-1,812-25,25,2,Non-Self,Tank23,1,1,0,0,2,Multiple,2
7/31/18,8/1/18,Mid,1,1,JN-7,1,JN-7-1,812-25,25,2,Non-Self,Tank23,1,1,0,0,2,Multiple,2
7/31/18,8/8/18,Mid,10,8,JN-7,1,JN-7-1,812-25,25,2,Non-Self,Tank24,0,NA,0,0,2,Multiple,2
7/31/18,8/14/18,Final,15,14,JN-7,1,JN-7-1,812-25,25,2,Non-Self,Tank24,0,NA,0,0,2,Multiple,2
7/31/18,7/31/18,Initial,0,0,JN-7,3,JN-7-2,841-47,47,2,Non-Self,Tank23,1,1,0,0,2,Multiple,2
7/31/18,8/1/18,Mid,1,1,JN-7,3,JN-7-2,841-47,47,2,Non-Self,Tank23,1,1,0,0,2,Multiple,2
7/31/18,8/8/18,Mid,10,8,JN-7,3,JN-7-2,841-47,47,2,Non-Self,Tank24,0,NA,0,0,2,Multiple,2
7/31/18,8/14/18,Final,15,14,JN-7,3,JN-7-2,841-47,47,2,Non-Self,Tank24,0,NA,0,0,2,Multiple,2
8/6/18,8/6/18,Initial,0,0,AN-4,1,AN-4-1,744-1,1,3,Non-Self,Tank17,1,1,0,0,3,Multiple,3
8/6/18,8/6/18,Mid,1,1,AN-4,1,AN-4-1,744-1,1,3,Non-Self,Tank17,1,1,0,0,3,Multiple,3
8/6/18,8/10/18,Mid,5,4,AN-4,1,AN-4-1,744-1,1,3,Non-Self,Tank23,0,NA,0,0,3,Multiple,3
8/6/18,8/14/18,Final,10,8,AN-4,1,AN-4-1,744-1,1,3,Non-Self,Tank23,0,NA,0,0,3,Multiple,3
8/6/18,8/6/18,Initial,0,0,AN-4,2,AN-4-2,807-42,42,3,Non-Self,Tank17,1,1,0,0,3,Multiple,3
8/6/18,8/6/18,Mid,1,1,AN-4,2,AN-4-2,807-42,42,3,Non-Self,Tank17,1,1,0,0,3,Multiple,3
8/6/18,8/10/18,Mid,5,4,AN-4,2,AN-4-2,807-42,42,3,Non-Self,Tank23,0,NA,0,0,3,Multiple,3
8/6/18,8/14/18,Final,10,8,AN-4,2,AN-4-2,807-42,42,3,Non-Self,Tank23,0,NA,0,0,3,Multiple,3
8/6/18,8/6/18,Initial,0,0,AN-4,3,AN-4-3,802-42,42,3,Non-Self,Tank17,1,1,0,0,3,Multiple,3
8/6/18,8/6/18,Mid,1,1,AN-4,3,AN-4-3,802-42,42,3,Non-Self,Tank17,1,1,0,0,3,Multiple,3
8/6/18,8/10/18,Mid,5,4,AN-4,3,AN-4-3,802-42,42,3,Non-Self,Tank23,0,NA,0,0,3,Multiple,3
8/6/18,8/14/18,Final,10,8,AN-4,3,AN-4-3,802-42,42,3,Non-Self,Tank23,0,NA,0,0,3,Multiple,3
8/6/18,8/6/18,Initial,0,0,AN-5,1,AN-5-1,806-42,42,3,Non-Self,Tank17,1,1,0,0,3,Multiple,3
8/6/18,8/6/18,Mid,1,1,AN-5,1,AN-5-1,806-42,42,3,Non-Self,Tank17,1,1,0,0,3,Multiple,3
8/6/18,8/10/18,Mid,5,4,AN-5,1,AN-5-1,806-42,42,3,Non-Self,Tank23,1,1,1,1,3,Multiple,3
8/6/18,8/14/18,Final,10,8,AN-5,1,AN-5-1,806-42,42,3,Non-Self,Tank23,1,1,1,1,3,Multiple,3
8/6/18,8/6/18,Initial,0,0,AN-5,2,AN-5-2,807-42,42,3,Non-Self,Tank17,1,1,0,0,3,Multiple,3
8/6/18,8/6/18,Mid,1,1,AN-5,2,AN-5-2,807-42,42,3,Non-Self,Tank17,1,1,0,0,3,Multiple,3
8/6/18,8/10/18,Mid,5,4,AN-5,2,AN-5-2,807-42,42,3,Non-Self,Tank23,1,1,1,1,3,Multiple,3
8/6/18,8/14/18,Final,10,8,AN-5,2,AN-5-2,807-42,42,3,Non-Self,Tank23,1,2,1,1,3,Multiple,3
8/6/18,8/6/18,Initial,0,0,AN-5,3,AN-5-3,802-42,42,3,Non-Self,Tank17,1,1,0,0,3,Multiple,3
8/6/18,8/6/18,Mid,1,1,AN-5,3,AN-5-3,802-42,42,3,Non-Self,Tank17,1,1,0,0,3,Multiple,3
8/6/18,8/10/18,Mid,5,4,AN-5,3,AN-5-3,802-42,42,3,Non-Self,Tank23,0,NA,0,0,3,Multiple,3
8/6/18,8/14/18,Final,10,8,AN-5,3,AN-5-3,802-42,42,3,Non-Self,Tank23,0,NA,0,0,3,Multiple,3
8/6/18,8/6/18,Initial,0,0,AN-6,1,AN-6-1,802-42,42,3,Non-Self,Tank17,1,1,0,0,3,Multiple,3
8/6/18,8/6/18,Mid,1,1,AN-6,1,AN-6-1,802-42,42,3,Non-Self,Tank17,1,1,0,0,3,Multiple,3
8/6/18,8/10/18,Mid,5,4,AN-6,1,AN-6-1,802-42,42,3,Non-Self,Tank23,1,2,0,0,3,Multiple,3
8/6/18,8/14/18,Final,10,8,AN-6,1,AN-6-1,802-42,42,3,Non-Self,Tank23,1,4,0,0,3,Multiple,3
8/6/18,8/6/18,Initial,0,0,AN-6,2,AN-6-2,807-42,42,3,Non-Self,Tank17,1,1,0,0,3,Multiple,3
8/6/18,8/6/18,Mid,1,1,AN-6,2,AN-6-2,807-42,42,3,Non-Self,Tank17,1,1,0,0,3,Multiple,3
8/6/18,8/10/18,Mid,5,4,AN-6,2,AN-6-2,807-42,42,3,Non-Self,Tank23,1,1,0,0,3,Multiple,3
8/6/18,8/14/18,Final,10,8,AN-6,2,AN-6-2,807-42,42,3,Non-Self,Tank23,1,2,0,0,3,Multiple,3
8/6/18,8/6/18,Initial,0,0,AN-6,3,AN-6-3,806-42,42,3,Non-Self,Tank17,1,1,0,0,3,Multiple,3
8/6/18,8/6/18,Mid,1,1,AN-6,3,AN-6-3,806-42,42,3,Non-Self,Tank17,1,1,0,0,3,Multiple,3
8/6/18,8/10/18,Mid,5,4,AN-6,3,AN-6-3,806-42,42,3,Non-Self,Tank23,1,1,0,0,3,Multiple,3
8/6/18,8/14/18,Final,10,8,AN-6,3,AN-6-3,806-42,42,3,Non-Self,Tank23,1,1,0,0,3,Multiple,3
8/7/18,8/7/18,Initial,0,0,AN-7,1,AN-7-1,742-F,F,3,Non-Self,Tank23,1,1,0,0,3,Multiple,3
8/7/18,8/7/18,Mid,1,1,AN-7,1,AN-7-1,742-F,F,3,Non-Self,Tank23,1,1,0,0,3,Multiple,3
8/7/18,8/10/18,Mid,5,3,AN-7,1,AN-7-1,742-F,F,3,Non-Self,Tank22,0,NA,0,0,3,Multiple,3
8/7/18,8/14/18,Final,10,7,AN-7,1,AN-7-1,742-F,F,3,Non-Self,Tank22,0,NA,0,0,3,Multiple,3
8/7/18,8/7/18,Initial,0,0,AN-7,2,AN-7-2,806-42,42,3,Non-Self,Tank23,1,1,0,0,3,Multiple,3
8/7/18,8/7/18,Mid,1,1,AN-7,2,AN-7-2,806-42,42,3,Non-Self,Tank23,1,1,0,0,3,Multiple,3
8/7/18,8/10/18,Mid,5,3,AN-7,2,AN-7-2,806-42,42,3,Non-Self,Tank22,0,NA,0,0,3,Multiple,3
8/7/18,8/14/18,Final,10,7,AN-7,2,AN-7-2,806-42,42,3,Non-Self,Tank22,0,NA,0,0,3,Multiple,3
8/7/18,8/7/18,Initial,0,0,AN-7,3,AN-7-3,807-42,42,3,Non-Self,Tank23,1,1,0,0,3,Multiple,3
8/7/18,8/7/18,Mid,1,1,AN-7,3,AN-7-3,807-42,42,3,Non-Self,Tank23,1,1,0,0,3,Multiple,3
8/7/18,8/10/18,Mid,5,3,AN-7,3,AN-7-3,807-42,42,3,Non-Self,Tank22,1,1,0,0,3,Multiple,3
8/7/18,8/14/18,Final,10,7,AN-7,3,AN-7-3,807-42,42,3,Non-Self,Tank22,1,2,0,0,3,Multiple,3
8/7/18,8/7/18,Initial,0,0,AN-8,1,AN-8-1,806-42,42,3,Non-Self,Tank23,1,1,0,0,3,Multiple,3
8/7/18,8/7/18,Mid,1,1,AN-8,1,AN-8-1,806-42,42,3,Non-Self,Tank23,1,1,0,0,3,Multiple,3
8/7/18,8/10/18,Mid,5,3,AN-8,1,AN-8-1,806-42,42,3,Non-Self,Tank22,0,NA,0,0,3,Multiple,3
8/7/18,8/14/18,Final,10,7,AN-8,1,AN-8-1,806-42,42,3,Non-Self,Tank22,0,NA,0,0,3,Multiple,3
8/7/18,8/7/18,Initial,0,0,AN-8,2,AN-8-2,742-F,F,3,Non-Self,Tank23,1,1,0,0,3,Multiple,3
8/7/18,8/7/18,Mid,1,1,AN-8,2,AN-8-2,742-F,F,3,Non-Self,Tank23,1,1,0,0,3,Multiple,3
8/7/18,8/10/18,Mid,5,3,AN-8,2,AN-8-2,742-F,F,3,Non-Self,Tank22,0,NA,0,0,3,Multiple,3
8/7/18,8/14/18,Final,10,7,AN-8,2,AN-8-2,742-F,F,3,Non-Self,Tank22,0,NA,0,0,3,Multiple,3
8/7/18,8/7/18,Initial,0,0,AN-8,3,AN-8-3,807-42,42,3,Non-Self,Tank23,1,1,0,0,3,Multiple,3
8/7/18,8/7/18,Mid,1,1,AN-8,3,AN-8-3,807-42,42,3,Non-Self,Tank23,1,1,0,0,3,Multiple,3
8/7/18,8/10/18,Mid,5,3,AN-8,3,AN-8-3,807-42,42,3,Non-Self,Tank22,0,NA,0,0,3,Multiple,3
8/7/18,8/14/18,Final,10,7,AN-8,3,AN-8-3,807-42,42,3,Non-Self,Tank22,0,NA,0,0,3,Multiple,3
8/1/18,8/1/18,Initial,0,0,JN-13,1,JN-13-1,801-47,47,3,Non-Self,Tank19,1,1,0,0,3,Multiple,2
8/1/18,8/2/18,Mid,1,1,JN-13,1,JN-13-1,801-47,47,3,Non-Self,Tank19,1,1,0,0,3,Multiple,2
8/1/18,8/9/18,Mid,10,8,JN-13,1,JN-13-1,801-47,47,3,Non-Self,Tank21,1,2,2,1,3,Multiple,2
8/1/18,8/14/18,Final,15,13,JN-13,1,JN-13-1,801-47,47,3,Non-Self,Tank21,1,2,2,1,3,Multiple,2
8/1/18,8/1/18,Initial,0,0,JN-13,2,JN-13-2,742-F,F,3,Non-Self,Tank19,1,1,0,0,3,Multiple,2
8/1/18,8/2/18,Mid,1,1,JN-13,2,JN-13-2,742-F,F,3,Non-Self,Tank19,1,1,0,0,3,Multiple,2
8/1/18,8/9/18,Mid,10,8,JN-13,2,JN-13-2,742-F,F,3,Non-Self,Tank21,1,3,2,1,3,Multiple,2
8/1/18,8/14/18,Final,15,13,JN-13,2,JN-13-2,742-F,F,3,Non-Self,Tank21,1,4,2,1,3,Multiple,2
8/1/18,8/1/18,Initial,0,0,JN-13,3,JN-13-3,824-1,1,3,Non-Self,Tank19,1,1,0,0,3,Multiple,2
8/1/18,8/2/18,Mid,1,1,JN-13,3,JN-13-3,824-1,1,3,Non-Self,Tank19,1,1,0,0,3,Multiple,2
8/1/18,8/9/18,Mid,10,8,JN-13,3,JN-13-3,824-1,1,3,Non-Self,Tank21,1,3,2,1,3,Multiple,2
8/1/18,8/14/18,Final,15,13,JN-13,3,JN-13-3,824-1,1,3,Non-Self,Tank21,0,NA,2,1,3,Multiple,2
8/3/18,8/3/18,Initial,0,0,JN-18,1,JN-18-1,815-25,25,3,Non-Self,Tank21,1,1,0,0,3,Multiple,2
8/3/18,8/4/18,Mid,1,1,JN-18,1,JN-18-1,815-25,25,3,Non-Self,Tank21,1,1,0,0,3,Multiple,2
8/3/18,8/9/18,Mid,5,6,JN-18,1,JN-18-1,815-25,25,3,Non-Self,Tank22,1,1,2,1,3,Multiple,2
8/3/18,8/14/18,Final,10,11,JN-18,1,JN-18-1,815-25,25,3,Non-Self,Tank22,1,1,2,1,3,Multiple,2
8/3/18,8/3/18,Initial,0,0,JN-18,2,JN-18-2,802-42,42,3,Non-Self,Tank21,1,1,0,0,3,Multiple,2
8/3/18,8/4/18,Mid,1,1,JN-18,2,JN-18-2,802-42,42,3,Non-Self,Tank21,1,1,0,0,3,Multiple,2
8/3/18,8/9/18,Mid,5,6,JN-18,2,JN-18-2,802-42,42,3,Non-Self,Tank22,1,1,2,1,3,Multiple,2
8/3/18,8/14/18,Final,10,11,JN-18,2,JN-18-2,802-42,42,3,Non-Self,Tank22,1,3,2,1,3,Multiple,2
8/3/18,8/3/18,Initial,0,0,JN-18,3,JN-18-3,807-42,42,3,Non-Self,Tank21,1,1,0,0,3,Multiple,2
8/3/18,8/4/18,Mid,1,1,JN-18,3,JN-18-3,807-42,42,3,Non-Self,Tank21,1,1,0,0,3,Multiple,2
8/3/18,8/9/18,Mid,5,6,JN-18,3,JN-18-3,807-42,42,3,Non-Self,Tank22,1,4,2,1,3,Multiple,2
8/3/18,8/14/18,Final,10,11,JN-18,3,JN-18-3,807-42,42,3,Non-Self,Tank22,1,6,2,1,3,Multiple,2
8/4/18,8/4/18,Initial,0,0,JN-26,1,JN-26-1,823-1,1,3,Non-Self,Tank24,1,1,0,0,3,Multiple,3
8/4/18,8/6/18,Mid,1,2,JN-26,1,JN-26-1,823-1,1,3,Non-Self,Tank24,1,1,0,0,3,Multiple,3
8/4/18,8/10/18,Mid,5,6,JN-26,1,JN-26-1,823-1,1,3,Non-Self,Tank20,1,7,0,0,3,Multiple,3
8/4/18,8/14/18,Final,10,10,JN-26,1,JN-26-1,823-1,1,3,Non-Self,Tank20,1,7,1,1,3,Multiple,3
8/4/18,8/4/18,Initial,0,0,JN-26,2,JN-26-2,806-42,42,3,Non-Self,Tank24,1,1,0,0,3,Multiple,3
8/4/18,8/6/18,Mid,1,2,JN-26,2,JN-26-2,806-42,42,3,Non-Self,Tank24,1,1,0,0,3,Multiple,3
8/4/18,8/10/18,Mid,5,6,JN-26,2,JN-26-2,806-42,42,3,Non-Self,Tank20,1,1,0,0,3,Multiple,3
8/4/18,8/14/18,Final,10,10,JN-26,2,JN-26-2,806-42,42,3,Non-Self,Tank20,1,2,0,0,3,Multiple,3
8/4/18,8/4/18,Initial,0,0,JN-26,3,JN-26-3,815-25,25,3,Non-Self,Tank24,1,1,0,0,3,Multiple,3
8/4/18,8/6/18,Mid,1,2,JN-26,3,JN-26-3,815-25,25,3,Non-Self,Tank24,1,1,0,0,3,Multiple,3
8/4/18,8/10/18,Mid,5,6,JN-26,3,JN-26-3,815-25,25,3,Non-Self,Tank20,1,1,0,0,3,Multiple,3
8/4/18,8/14/18,Final,10,10,JN-26,3,JN-26-3,815-25,25,3,Non-Self,Tank20,1,2,1,1,3,Multiple,3
7/30/18,7/30/18,Initial,0,0,JN-3,1,JN-3-1,813-25,25,3,Non-Self,Tank24,1,1,0,0,3,Multiple,2
7/30/18,8/1/18,Mid,1,2,JN-3,1,JN-3-1,813-25,25,3,Non-Self,Tank24,1,1,0,0,3,Multiple,2
7/30/18,8/8/18,Mid,10,9,JN-3,1,JN-3-1,813-25,25,3,Non-Self,Tank20,1,3,1,1,3,Multiple,2
7/30/18,8/14/18,Final,15,15,JN-3,1,JN-3-1,813-25,25,3,Non-Self,Tank20,1,4,1,1,3,Multiple,2
7/30/18,7/30/18,Initial,0,0,JN-3,2,JN-3-2,831-47,47,3,Non-Self,Tank24,1,1,0,0,3,Multiple,2
7/30/18,8/1/18,Mid,1,2,JN-3,2,JN-3-2,831-47,47,3,Non-Self,Tank24,1,1,0,0,3,Multiple,2
7/30/18,8/8/18,Mid,10,9,JN-3,2,JN-3-2,831-47,47,3,Non-Self,Tank20,1,5,0,0,3,Multiple,2
7/30/18,8/14/18,Final,15,15,JN-3,2,JN-3-2,831-47,47,3,Non-Self,Tank20,1,5,0,0,3,Multiple,2
7/30/18,7/30/18,Initial,0,0,JN-3,3,JN-3-3,741-F,F,3,Non-Self,Tank24,1,1,0,0,3,Multiple,2
7/30/18,8/1/18,Mid,1,2,JN-3,3,JN-3-3,741-F,F,3,Non-Self,Tank24,1,1,0,0,3,Multiple,2
7/30/18,8/8/18,Mid,10,9,JN-3,3,JN-3-3,741-F,F,3,Non-Self,Tank20,1,1,1,1,3,Multiple,2
7/30/18,8/14/18,Final,15,15,JN-3,3,JN-3-3,741-F,F,3,Non-Self,Tank20,1,2,1,1,3,Multiple,2
7/31/18,7/31/18,Initial,0,0,JN-4,1,JN-4-1,750-F,F,3,Non-Self,Tank23,1,1,0,0,3,Multiple,2
7/31/18,8/1/18,Mid,1,1,JN-4,1,JN-4-1,750-F,F,3,Non-Self,Tank23,1,1,0,0,3,Multiple,2
7/31/18,8/8/18,Mid,10,8,JN-4,1,JN-4-1,750-F,F,3,Non-Self,Tank24,1,3,0,0,3,Multiple,2
7/31/18,8/14/18,Final,15,14,JN-4,1,JN-4-1,750-F,F,3,Non-Self,Tank24,1,3,1,1,3,Multiple,2
7/31/18,7/31/18,Initial,0,0,JN-4,2,JN-4-2,841-47,47,3,Non-Self,Tank23,1,1,0,0,3,Multiple,2
7/31/18,8/1/18,Mid,1,1,JN-4,2,JN-4-2,841-47,47,3,Non-Self,Tank23,0,NA,0,0,3,Multiple,2
7/31/18,8/8/18,Mid,10,8,JN-4,2,JN-4-2,841-47,47,3,Non-Self,Tank24,0,NA,0,0,3,Multiple,2
7/31/18,8/14/18,Final,15,14,JN-4,2,JN-4-2,841-47,47,3,Non-Self,Tank24,0,NA,0,0,3,Multiple,2
7/31/18,7/31/18,Initial,0,0,JN-4,3,JN-4-3,804-42,42,3,Non-Self,Tank23,1,1,0,0,3,Multiple,2
7/31/18,8/1/18,Mid,1,1,JN-4,3,JN-4-3,804-42,42,3,Non-Self,Tank23,1,1,0,0,3,Multiple,2
7/31/18,8/8/18,Mid,10,8,JN-4,3,JN-4-3,804-42,42,3,Non-Self,Tank24,1,1,0,0,3,Multiple,2
7/31/18,8/14/18,Final,15,14,JN-4,3,JN-4-3,804-42,42,3,Non-Self,Tank24,1,4,1,1,3,Multiple,2
7/31/18,7/31/18,Initial,0,0,JN-5,2,JN-5-1,750-F,F,3,Non-Self,Tank23,1,1,0,0,3,Multiple,3
7/31/18,8/1/18,Mid,1,1,JN-5,2,JN-5-1,750-F,F,3,Non-Self,Tank23,1,1,0,0,3,Multiple,3
7/31/18,8/8/18,Mid,10,8,JN-5,2,JN-5-1,750-F,F,3,Non-Self,Tank24,0,NA,0,0,3,Multiple,3
7/31/18,8/14/18,Final,15,14,JN-5,2,JN-5-1,750-F,F,3,Non-Self,Tank24,0,NA,0,0,3,Multiple,3
7/31/18,7/31/18,Initial,0,0,JN-5,3,JN-5-2,812-25,25,3,Non-Self,Tank23,1,1,0,0,3,Multiple,3
7/31/18,8/1/18,Mid,1,1,JN-5,3,JN-5-2,812-25,25,3,Non-Self,Tank23,1,1,0,0,3,Multiple,3
7/31/18,8/8/18,Mid,10,8,JN-5,3,JN-5-2,812-25,25,3,Non-Self,Tank24,0,NA,0,0,3,Multiple,3
7/31/18,8/14/18,Final,15,14,JN-5,3,JN-5-2,812-25,25,3,Non-Self,Tank24,0,NA,0,0,3,Multiple,3
7/31/18,7/31/18,Initial,0,0,JN-5,4,JN-5-3,804-42,42,3,Non-Self,Tank23,1,1,0,0,3,Multiple,3
7/31/18,8/1/18,Mid,1,1,JN-5,4,JN-5-3,804-42,42,3,Non-Self,Tank23,1,1,0,0,3,Multiple,3
7/31/18,8/8/18,Mid,10,8,JN-5,4,JN-5-3,804-42,42,3,Non-Self,Tank24,1,1,0,0,3,Multiple,3
7/31/18,8/14/18,Final,15,14,JN-5,4,JN-5-3,804-42,42,3,Non-Self,Tank24,1,2,0,0,3,Multiple,3
7/31/18,7/31/18,Initial,0,0,JN-6,1,JN-6-1,812-25,25,3,Non-Self,Tank23,1,1,0,0,3,Multiple,3
7/31/18,8/1/18,Mid,1,1,JN-6,1,JN-6-1,812-25,25,3,Non-Self,Tank23,1,1,0,0,3,Multiple,3
7/31/18,8/8/18,Mid,10,8,JN-6,1,JN-6-1,812-25,25,3,Non-Self,Tank24,0,NA,0,0,3,Multiple,3
7/31/18,8/14/18,Final,15,14,JN-6,1,JN-6-1,812-25,25,3,Non-Self,Tank24,0,NA,0,0,3,Multiple,3
7/31/18,7/31/18,Initial,0,0,JN-6,2,JN-6-2,804-42,42,3,Non-Self,Tank23,1,1,0,0,3,Multiple,3
7/31/18,8/1/18,Mid,1,1,JN-6,2,JN-6-2,804-42,42,3,Non-Self,Tank23,1,1,0,0,3,Multiple,3
7/31/18,8/8/18,Mid,10,8,JN-6,2,JN-6-2,804-42,42,3,Non-Self,Tank24,0,NA,0,0,3,Multiple,3
7/31/18,8/14/18,Final,15,14,JN-6,2,JN-6-2,804-42,42,3,Non-Self,Tank24,0,NA,0,0,3,Multiple,3
7/31/18,7/31/18,Initial,0,0,JN-6,3,JN-6-3,750-F,F,3,Non-Self,Tank23,1,1,0,0,3,Multiple,3
7/31/18,8/1/18,Mid,1,1,JN-6,3,JN-6-3,750-F,F,3,Non-Self,Tank23,0,NA,0,0,3,Multiple,3
7/31/18,8/8/18,Mid,10,8,JN-6,3,JN-6-3,750-F,F,3,Non-Self,Tank24,0,NA,0,0,3,Multiple,3
7/31/18,8/14/18,Final,15,14,JN-6,3,JN-6-3,750-F,F,3,Non-Self,Tank24,0,NA,0,0,3,Multiple,3
8/6/18,8/6/18,Initial,0,0,AN-1,1,AN-1-1,806-42,42,4,Non-Self,Tank17,1,1,0,0,4,Multiple,4
8/6/18,8/6/18,Mid,1,1,AN-1,1,AN-1-1,806-42,42,4,Non-Self,Tank17,1,1,0,0,4,Multiple,4
8/6/18,8/10/18,Mid,5,4,AN-1,1,AN-1-1,806-42,42,4,Non-Self,Tank23,1,1,3,1,4,Multiple,4
8/6/18,8/14/18,Final,10,8,AN-1,1,AN-1-1,806-42,42,4,Non-Self,Tank23,1,3,3,1,4,Multiple,4
8/6/18,8/6/18,Initial,0,0,AN-1,2,AN-1-2,743-13,13,4,Non-Self,Tank17,1,1,0,0,4,Multiple,4
8/6/18,8/6/18,Mid,1,1,AN-1,2,AN-1-2,743-13,13,4,Non-Self,Tank17,1,1,0,0,4,Multiple,4
8/6/18,8/10/18,Mid,5,4,AN-1,2,AN-1-2,743-13,13,4,Non-Self,Tank23,1,1,3,1,4,Multiple,4
8/6/18,8/14/18,Final,10,8,AN-1,2,AN-1-2,743-13,13,4,Non-Self,Tank23,1,2,3,1,4,Multiple,4
8/6/18,8/6/18,Initial,0,0,AN-1,3,AN-1-3,744-1,1,4,Non-Self,Tank17,1,1,0,0,4,Multiple,4
8/6/18,8/6/18,Mid,1,1,AN-1,3,AN-1-3,744-1,1,4,Non-Self,Tank17,1,1,0,0,4,Multiple,4
8/6/18,8/10/18,Mid,5,4,AN-1,3,AN-1-3,744-1,1,4,Non-Self,Tank23,1,1,3,1,4,Multiple,4
8/6/18,8/14/18,Final,10,8,AN-1,3,AN-1-3,744-1,1,4,Non-Self,Tank23,1,3,3,1,4,Multiple,4
8/6/18,8/6/18,Initial,0,0,AN-1,4,AN-1-4,807-42,42,4,Non-Self,Tank17,1,1,0,0,4,Multiple,4
8/6/18,8/6/18,Mid,1,1,AN-1,4,AN-1-4,807-42,42,4,Non-Self,Tank17,1,1,0,0,4,Multiple,4
8/6/18,8/10/18,Mid,5,4,AN-1,4,AN-1-4,807-42,42,4,Non-Self,Tank23,1,2,3,1,4,Multiple,4
8/6/18,8/14/18,Final,10,8,AN-1,4,AN-1-4,807-42,42,4,Non-Self,Tank23,0,2,3,1,4,Multiple,4
8/6/18,8/6/18,Initial,0,0,AN-2,1,AN-2-1,806-42,42,4,Non-Self,Tank17,1,1,0,0,4,Multiple,4
8/6/18,8/6/18,Mid,1,1,AN-2,1,AN-2-1,806-42,42,4,Non-Self,Tank17,1,1,0,0,4,Multiple,4
8/6/18,8/10/18,Mid,5,4,AN-2,1,AN-2-1,806-42,42,4,Non-Self,Tank23,1,1,1,1,4,Multiple,4
8/6/18,8/14/18,Final,10,8,AN-2,1,AN-2-1,806-42,42,4,Non-Self,Tank23,1,3,0,0,4,Multiple,4
8/6/18,8/6/18,Initial,0,0,AN-2,2,AN-2-2,743-13,13,4,Non-Self,Tank17,1,1,0,0,4,Multiple,4
8/6/18,8/6/18,Mid,1,1,AN-2,2,AN-2-2,743-13,13,4,Non-Self,Tank17,1,1,0,0,4,Multiple,4
8/6/18,8/10/18,Mid,5,4,AN-2,2,AN-2-2,743-13,13,4,Non-Self,Tank23,1,2,3,1,4,Multiple,4
8/6/18,8/14/18,Final,10,8,AN-2,2,AN-2-2,743-13,13,4,Non-Self,Tank23,1,2,2,1,4,Multiple,4
8/6/18,8/6/18,Initial,0,0,AN-2,3,AN-2-3,744-1,1,4,Non-Self,Tank17,1,1,0,0,4,Multiple,4
8/6/18,8/6/18,Mid,1,1,AN-2,3,AN-2-3,744-1,1,4,Non-Self,Tank17,1,1,0,0,4,Multiple,4
8/6/18,8/10/18,Mid,5,4,AN-2,3,AN-2-3,744-1,1,4,Non-Self,Tank23,1,1,3,1,4,Multiple,4
8/6/18,8/14/18,Final,10,8,AN-2,3,AN-2-3,744-1,1,4,Non-Self,Tank23,1,2,2,1,4,Multiple,4
8/6/18,8/6/18,Initial,0,0,AN-2,4,AN-2-4,802-42,42,4,Non-Self,Tank17,1,1,0,0,4,Multiple,4
8/6/18,8/6/18,Mid,1,1,AN-2,4,AN-2-4,802-42,42,4,Non-Self,Tank17,1,1,0,0,4,Multiple,4
8/6/18,8/10/18,Mid,5,4,AN-2,4,AN-2-4,802-42,42,4,Non-Self,Tank23,1,1,3,1,4,Multiple,4
8/6/18,8/14/18,Final,10,8,AN-2,4,AN-2-4,802-42,42,4,Non-Self,Tank23,1,1,2,1,4,Multiple,4
8/1/18,8/1/18,Initial,0,0,JN-10,1,JN-10-1,742-F,F,4,Non-Self,Tank19,1,1,0,0,4,Multiple,2
8/1/18,8/2/18,Mid,1,1,JN-10,1,JN-10-1,742-F,F,4,Non-Self,Tank19,1,1,0,0,4,Multiple,2
8/1/18,8/9/18,Mid,10,8,JN-10,1,JN-10-1,742-F,F,4,Non-Self,Tank21,1,2,0,0,4,Multiple,2
8/1/18,8/14/18,Final,15,13,JN-10,1,JN-10-1,742-F,F,4,Non-Self,Tank21,1,4,2,1,4,Multiple,2
8/1/18,8/1/18,Initial,0,0,JN-10,2,JN-10-2,801-47,47,4,Non-Self,Tank19,1,1,0,0,4,Multiple,2
8/1/18,8/2/18,Mid,1,1,JN-10,2,JN-10-2,801-47,47,4,Non-Self,Tank19,1,1,0,0,4,Multiple,2
8/1/18,8/9/18,Mid,10,8,JN-10,2,JN-10-2,801-47,47,4,Non-Self,Tank21,1,4,0,0,4,Multiple,2
8/1/18,8/14/18,Final,15,13,JN-10,2,JN-10-2,801-47,47,4,Non-Self,Tank21,1,5,2,1,4,Multiple,2
8/1/18,8/1/18,Initial,0,0,JN-10,3,JN-10-3,824-1,1,4,Non-Self,Tank19,1,1,0,0,4,Multiple,2
8/1/18,8/2/18,Mid,1,1,JN-10,3,JN-10-3,824-1,1,4,Non-Self,Tank19,1,1,0,0,4,Multiple,2
8/1/18,8/9/18,Mid,10,8,JN-10,3,JN-10-3,824-1,1,4,Non-Self,Tank21,1,7,0,0,4,Multiple,2
8/1/18,8/14/18,Final,15,13,JN-10,3,JN-10-3,824-1,1,4,Non-Self,Tank21,1,7,2,1,4,Multiple,2
8/1/18,8/1/18,Initial,0,0,JN-10,4,JN-10-4,821-47,47,4,Non-Self,Tank19,1,1,0,0,4,Multiple,2
8/1/18,8/2/18,Mid,1,1,JN-10,4,JN-10-4,821-47,47,4,Non-Self,Tank19,1,1,0,0,4,Multiple,2
8/1/18,8/9/18,Mid,10,8,JN-10,4,JN-10-4,821-47,47,4,Non-Self,Tank21,1,3,0,0,4,Multiple,2
8/1/18,8/14/18,Final,15,13,JN-10,4,JN-10-4,821-47,47,4,Non-Self,Tank21,1,5,0,0,4,Multiple,2
8/1/18,8/1/18,Initial,0,0,JN-11,1,JN-11-1,821-47,47,4,Non-Self,Tank19,1,1,0,0,4,Multiple,2
8/1/18,8/2/18,Mid,1,1,JN-11,1,JN-11-1,821-47,47,4,Non-Self,Tank19,1,1,0,0,4,Multiple,2
8/1/18,8/9/18,Mid,10,8,JN-11,1,JN-11-1,821-47,47,4,Non-Self,Tank21,1,1,0,0,4,Multiple,2
8/1/18,8/14/18,Final,15,13,JN-11,1,JN-11-1,821-47,47,4,Non-Self,Tank21,1,3,0,0,4,Multiple,2
8/1/18,8/1/18,Initial,0,0,JN-11,2,JN-11-2,824-1,1,4,Non-Self,Tank19,1,1,0,0,4,Multiple,2
8/1/18,8/2/18,Mid,1,1,JN-11,2,JN-11-2,824-1,1,4,Non-Self,Tank19,1,1,0,0,4,Multiple,2
8/1/18,8/9/18,Mid,10,8,JN-11,2,JN-11-2,824-1,1,4,Non-Self,Tank21,1,3,1,1,4,Multiple,2
8/1/18,8/14/18,Final,15,13,JN-11,2,JN-11-2,824-1,1,4,Non-Self,Tank21,1,4,1,1,4,Multiple,2
8/1/18,8/1/18,Initial,0,0,JN-11,3,JN-11-3,801-47,47,4,Non-Self,Tank19,1,1,0,0,4,Multiple,2
8/1/18,8/2/18,Mid,1,1,JN-11,3,JN-11-3,801-47,47,4,Non-Self,Tank19,1,1,0,0,4,Multiple,2
8/1/18,8/9/18,Mid,10,8,JN-11,3,JN-11-3,801-47,47,4,Non-Self,Tank21,1,5,0,0,4,Multiple,2
8/1/18,8/14/18,Final,15,13,JN-11,3,JN-11-3,801-47,47,4,Non-Self,Tank21,1,5,0,0,4,Multiple,2
8/1/18,8/1/18,Initial,0,0,JN-11,4,JN-11-4,742-F,F,4,Non-Self,Tank19,1,1,0,0,4,Multiple,2
8/1/18,8/2/18,Mid,1,1,JN-11,4,JN-11-4,742-F,F,4,Non-Self,Tank19,1,1,0,0,4,Multiple,2
8/1/18,8/9/18,Mid,10,8,JN-11,4,JN-11-4,742-F,F,4,Non-Self,Tank21,1,3,1,1,4,Multiple,2
8/1/18,8/14/18,Final,15,13,JN-11,4,JN-11-4,742-F,F,4,Non-Self,Tank21,1,5,1,1,4,Multiple,2
8/1/18,8/1/18,Initial,0,0,JN-12,1,JN-12-1,824-1,1,4,Non-Self,Tank19,1,1,0,0,4,Multiple,2
8/1/18,8/2/18,Mid,1,1,JN-12,1,JN-12-1,824-1,1,4,Non-Self,Tank19,1,1,0,0,4,Multiple,2
8/1/18,8/9/18,Mid,10,8,JN-12,1,JN-12-1,824-1,1,4,Non-Self,Tank21,1,5,3,1,4,Multiple,2
8/1/18,8/14/18,Final,15,13,JN-12,1,JN-12-1,824-1,1,4,Non-Self,Tank21,1,6,3,1,4,Multiple,2
8/1/18,8/1/18,Initial,0,0,JN-12,2,JN-12-2,821-47,47,4,Non-Self,Tank19,1,1,0,0,4,Multiple,2
8/1/18,8/2/18,Mid,1,1,JN-12,2,JN-12-2,821-47,47,4,Non-Self,Tank19,1,1,0,0,4,Multiple,2
8/1/18,8/9/18,Mid,10,8,JN-12,2,JN-12-2,821-47,47,4,Non-Self,Tank21,1,4,3,1,4,Multiple,2
8/1/18,8/14/18,Final,15,13,JN-12,2,JN-12-2,821-47,47,4,Non-Self,Tank21,1,4,3,1,4,Multiple,2
8/1/18,8/1/18,Initial,0,0,JN-12,3,JN-12-3,742-F,F,4,Non-Self,Tank19,1,1,0,0,4,Multiple,2
8/1/18,8/2/18,Mid,1,1,JN-12,3,JN-12-3,742-F,F,4,Non-Self,Tank19,1,1,0,0,4,Multiple,2
8/1/18,8/9/18,Mid,10,8,JN-12,3,JN-12-3,742-F,F,4,Non-Self,Tank21,1,4,3,1,4,Multiple,2
8/1/18,8/14/18,Final,15,13,JN-12,3,JN-12-3,742-F,F,4,Non-Self,Tank21,1,4,3,1,4,Multiple,2
8/1/18,8/1/18,Initial,0,0,JN-12,4,JN-12-4,801-47,47,4,Non-Self,Tank19,1,1,0,0,4,Multiple,2
8/1/18,8/2/18,Mid,1,1,JN-12,4,JN-12-4,801-47,47,4,Non-Self,Tank19,1,1,0,0,4,Multiple,2
8/1/18,8/9/18,Mid,10,8,JN-12,4,JN-12-4,801-47,47,4,Non-Self,Tank21,1,3,3,1,4,Multiple,2
8/1/18,8/14/18,Final,15,13,JN-12,4,JN-12-4,801-47,47,4,Non-Self,Tank21,1,3,3,1,4,Multiple,2
8/3/18,8/3/18,Initial,0,0,JN-16,1,JN-16-1,743-13,13,4,Non-Self,Tank21,1,1,0,0,4,Multiple,3
8/3/18,8/4/18,Mid,1,1,JN-16,1,JN-16-1,743-13,13,4,Non-Self,Tank21,1,1,0,0,4,Multiple,3
8/3/18,8/9/18,Mid,5,6,JN-16,1,JN-16-1,743-13,13,4,Non-Self,Tank22,0,NA,0,0,4,Multiple,3
8/3/18,8/14/18,Final,10,11,JN-16,1,JN-16-1,743-13,13,4,Non-Self,Tank22,0,NA,0,0,4,Multiple,3
8/3/18,8/3/18,Initial,0,0,JN-16,2,JN-16-2,807-42,42,4,Non-Self,Tank21,1,1,0,0,4,Multiple,3
8/3/18,8/4/18,Mid,1,1,JN-16,2,JN-16-2,807-42,42,4,Non-Self,Tank21,1,1,0,0,4,Multiple,3
8/3/18,8/9/18,Mid,5,6,JN-16,2,JN-16-2,807-42,42,4,Non-Self,Tank22,0,NA,0,0,4,Multiple,3
8/3/18,8/14/18,Final,10,11,JN-16,2,JN-16-2,807-42,42,4,Non-Self,Tank22,0,NA,0,0,4,Multiple,3
8/3/18,8/3/18,Initial,0,0,JN-16,3,JN-16-3,744-1,1,4,Non-Self,Tank21,1,1,0,0,4,Multiple,3
8/3/18,8/4/18,Mid,1,1,JN-16,3,JN-16-3,744-1,1,4,Non-Self,Tank21,1,1,0,0,4,Multiple,3
8/3/18,8/9/18,Mid,5,6,JN-16,3,JN-16-3,744-1,1,4,Non-Self,Tank22,0,NA,0,0,4,Multiple,3
8/3/18,8/14/18,Final,10,11,JN-16,3,JN-16-3,744-1,1,4,Non-Self,Tank22,0,NA,0,0,4,Multiple,3
8/3/18,8/3/18,Initial,0,0,JN-16,4,JN-16-4,815-25,25,4,Non-Self,Tank21,1,1,0,0,4,Multiple,3
8/3/18,8/4/18,Mid,1,1,JN-16,4,JN-16-4,815-25,25,4,Non-Self,Tank21,1,1,0,0,4,Multiple,3
8/3/18,8/9/18,Mid,5,6,JN-16,4,JN-16-4,815-25,25,4,Non-Self,Tank22,0,NA,0,0,4,Multiple,3
8/3/18,8/14/18,Final,10,11,JN-16,4,JN-16-4,815-25,25,4,Non-Self,Tank22,0,NA,0,0,4,Multiple,3
8/3/18,8/3/18,Initial,0,0,JN-17,1,JN-17-1,807-42,42,4,Non-Self,Tank21,1,1,0,0,4,Multiple,4
8/3/18,8/4/18,Mid,1,1,JN-17,1,JN-17-1,807-42,42,4,Non-Self,Tank21,1,1,0,0,4,Multiple,4
8/3/18,8/9/18,Mid,5,6,JN-17,1,JN-17-1,807-42,42,4,Non-Self,Tank22,0,NA,0,0,4,Multiple,4
8/3/18,8/14/18,Final,10,11,JN-17,1,JN-17-1,807-42,42,4,Non-Self,Tank22,0,NA,0,0,4,Multiple,4
8/3/18,8/3/18,Initial,0,0,JN-17,2,JN-17-2,815-25,25,4,Non-Self,Tank21,1,1,0,0,4,Multiple,4
8/3/18,8/4/18,Mid,1,1,JN-17,2,JN-17-2,815-25,25,4,Non-Self,Tank21,1,1,0,0,4,Multiple,4
8/3/18,8/9/18,Mid,5,6,JN-17,2,JN-17-2,815-25,25,4,Non-Self,Tank22,0,NA,0,0,4,Multiple,4
8/3/18,8/14/18,Final,10,11,JN-17,2,JN-17-2,815-25,25,4,Non-Self,Tank22,0,NA,0,0,4,Multiple,4
8/3/18,8/3/18,Initial,0,0,JN-17,3,JN-17-3,806-42,42,4,Non-Self,Tank21,1,1,0,0,4,Multiple,4
8/3/18,8/4/18,Mid,1,1,JN-17,3,JN-17-3,806-42,42,4,Non-Self,Tank21,1,1,0,0,4,Multiple,4
8/3/18,8/9/18,Mid,5,6,JN-17,3,JN-17-3,806-42,42,4,Non-Self,Tank22,1,1,0,0,4,Multiple,4
8/3/18,8/14/18,Final,10,11,JN-17,3,JN-17-3,806-42,42,4,Non-Self,Tank22,1,1,0,0,4,Multiple,4
8/3/18,8/3/18,Initial,0,0,JN-17,4,JN-17-4,813-25,25,4,Non-Self,Tank21,1,1,0,0,4,Multiple,4
8/3/18,8/4/18,Mid,1,1,JN-17,4,JN-17-4,813-25,25,4,Non-Self,Tank21,1,1,0,0,4,Multiple,4
8/3/18,8/9/18,Mid,5,6,JN-17,4,JN-17-4,813-25,25,4,Non-Self,Tank22,0,NA,0,0,4,Multiple,4
8/3/18,8/14/18,Final,10,11,JN-17,4,JN-17-4,813-25,25,4,Non-Self,Tank22,0,NA,0,0,4,Multiple,4
8/3/18,8/3/18,Initial,0,0,JN-19,1,JN-19-1,806-42,42,4,Non-Self,Tank21,1,1,0,0,4,Multiple,4
8/3/18,8/4/18,Mid,1,1,JN-19,1,JN-19-1,806-42,42,4,Non-Self,Tank21,1,1,0,0,4,Multiple,4
8/3/18,8/9/18,Mid,5,6,JN-19,1,JN-19-1,806-42,42,4,Non-Self,Tank22,1,1,0,0,4,Multiple,4
8/3/18,8/14/18,Final,10,11,JN-19,1,JN-19-1,806-42,42,4,Non-Self,Tank22,1,1,0,0,4,Multiple,4
8/3/18,8/3/18,Initial,0,0,JN-19,2,JN-19-2,813-25,25,4,Non-Self,Tank21,1,1,0,0,4,Multiple,4
8/3/18,8/4/18,Mid,1,1,JN-19,2,JN-19-2,813-25,25,4,Non-Self,Tank21,0,NA,0,0,4,Multiple,4
8/3/18,8/9/18,Mid,5,6,JN-19,2,JN-19-2,813-25,25,4,Non-Self,Tank22,0,NA,0,0,4,Multiple,4
8/3/18,8/14/18,Final,10,11,JN-19,2,JN-19-2,813-25,25,4,Non-Self,Tank22,0,NA,0,0,4,Multiple,4
8/3/18,8/3/18,Initial,0,0,JN-19,3,JN-19-3,815-25,25,4,Non-Self,Tank21,1,1,0,0,4,Multiple,4
8/3/18,8/4/18,Mid,1,1,JN-19,3,JN-19-3,815-25,25,4,Non-Self,Tank21,1,1,0,0,4,Multiple,4
8/3/18,8/9/18,Mid,5,6,JN-19,3,JN-19-3,815-25,25,4,Non-Self,Tank22,1,1,1,1,4,Multiple,4
8/3/18,8/14/18,Final,10,11,JN-19,3,JN-19-3,815-25,25,4,Non-Self,Tank22,1,1,1,1,4,Multiple,4
8/3/18,8/3/18,Initial,0,0,JN-19,4,JN-19-4,807-42,42,4,Non-Self,Tank21,1,1,0,0,4,Multiple,4
8/3/18,8/4/18,Mid,1,1,JN-19,4,JN-19-4,807-42,42,4,Non-Self,Tank21,1,1,0,0,4,Multiple,4
8/3/18,8/9/18,Mid,5,6,JN-19,4,JN-19-4,807-42,42,4,Non-Self,Tank22,1,5,1,1,4,Multiple,4
8/3/18,8/14/18,Final,10,11,JN-19,4,JN-19-4,807-42,42,4,Non-Self,Tank22,1,6,1,1,4,Multiple,4
8/3/18,8/3/18,Initial,0,0,JN-20,1,JN-20-1,813-25,25,4,Non-Self,Tank21,1,1,0,0,4,Multiple,4
8/3/18,8/4/18,Mid,1,1,JN-20,1,JN-20-1,813-25,25,4,Non-Self,Tank21,1,1,0,0,4,Multiple,4
8/3/18,8/9/18,Mid,5,6,JN-20,1,JN-20-1,813-25,25,4,Non-Self,Tank22,1,2,0,0,4,Multiple,4
8/3/18,8/14/18,Final,10,11,JN-20,1,JN-20-1,813-25,25,4,Non-Self,Tank22,1,7,1,1,4,Multiple,4
8/3/18,8/3/18,Initial,0,0,JN-20,2,JN-20-2,806-42,42,4,Non-Self,Tank21,1,1,0,0,4,Multiple,4
8/3/18,8/4/18,Mid,1,1,JN-20,2,JN-20-2,806-42,42,4,Non-Self,Tank21,1,1,0,0,4,Multiple,4
8/3/18,8/9/18,Mid,5,6,JN-20,2,JN-20-2,806-42,42,4,Non-Self,Tank22,0,NA,0,0,4,Multiple,4
8/3/18,8/14/18,Final,10,11,JN-20,2,JN-20-2,806-42,42,4,Non-Self,Tank22,0,NA,0,0,4,Multiple,4
8/3/18,8/3/18,Initial,0,0,JN-20,3,JN-20-3,815-25,25,4,Non-Self,Tank21,1,1,0,0,4,Multiple,4
8/3/18,8/4/18,Mid,1,1,JN-20,3,JN-20-3,815-25,25,4,Non-Self,Tank21,1,1,0,0,4,Multiple,4
8/3/18,8/9/18,Mid,5,6,JN-20,3,JN-20-3,815-25,25,4,Non-Self,Tank22,1,1,0,0,4,Multiple,4
8/3/18,8/14/18,Final,10,11,JN-20,3,JN-20-3,815-25,25,4,Non-Self,Tank22,1,2,1,1,4,Multiple,4
8/3/18,8/3/18,Initial,0,0,JN-20,4,JN-20-4,807-42,42,4,Non-Self,Tank21,1,1,0,0,4,Multiple,4
8/3/18,8/4/18,Mid,1,1,JN-20,4,JN-20-4,807-42,42,4,Non-Self,Tank21,1,1,0,0,4,Multiple,4
8/3/18,8/9/18,Mid,5,6,JN-20,4,JN-20-4,807-42,42,4,Non-Self,Tank22,1,4,0,0,4,Multiple,4
8/3/18,8/14/18,Final,10,11,JN-20,4,JN-20-4,807-42,42,4,Non-Self,Tank22,1,5,0,0,4,Multiple,4
8/4/18,8/4/18,Initial,0,0,JN-28,1,JN-28-1,823-1,1,4,Non-Self,Tank24,1,1,0,0,4,Multiple,4
8/4/18,8/6/18,Mid,1,2,JN-28,1,JN-28-1,823-1,1,4,Non-Self,Tank24,1,1,0,0,4,Multiple,4
8/4/18,8/10/18,Mid,5,6,JN-28,1,JN-28-1,823-1,1,4,Non-Self,Tank20,1,4,3,1,4,Multiple,4
8/4/18,8/14/18,Final,10,10,JN-28,1,JN-28-1,823-1,1,4,Non-Self,Tank20,1,4,3,1,4,Multiple,4
8/4/18,8/4/18,Initial,0,0,JN-28,2,JN-28-2,807-42,42,4,Non-Self,Tank24,1,1,0,0,4,Multiple,4
8/4/18,8/6/18,Mid,1,2,JN-28,2,JN-28-2,807-42,42,4,Non-Self,Tank24,1,1,0,0,4,Multiple,4
8/4/18,8/10/18,Mid,5,6,JN-28,2,JN-28-2,807-42,42,4,Non-Self,Tank20,1,6,3,1,4,Multiple,4
8/4/18,8/14/18,Final,10,10,JN-28,2,JN-28-2,807-42,42,4,Non-Self,Tank20,1,6,3,1,4,Multiple,4
8/4/18,8/4/18,Initial,0,0,JN-28,3,JN-28-3,806-42,42,4,Non-Self,Tank24,1,1,0,0,4,Multiple,4
8/4/18,8/6/18,Mid,1,2,JN-28,3,JN-28-3,806-42,42,4,Non-Self,Tank24,1,1,0,0,4,Multiple,4
8/4/18,8/10/18,Mid,5,6,JN-28,3,JN-28-3,806-42,42,4,Non-Self,Tank20,1,1,3,1,4,Multiple,4
8/4/18,8/14/18,Final,10,10,JN-28,3,JN-28-3,806-42,42,4,Non-Self,Tank20,1,3,3,1,4,Multiple,4
8/4/18,8/4/18,Initial,0,0,JN-28,4,JN-28-4,802-42,42,4,Non-Self,Tank24,1,1,0,0,4,Multiple,4
8/4/18,8/6/18,Mid,1,2,JN-28,4,JN-28-4,802-42,42,4,Non-Self,Tank24,1,1,0,0,4,Multiple,4
8/4/18,8/10/18,Mid,5,6,JN-28,4,JN-28-4,802-42,42,4,Non-Self,Tank20,1,1,3,1,4,Multiple,4
8/4/18,8/14/18,Final,10,10,JN-28,4,JN-28-4,802-42,42,4,Non-Self,Tank20,1,2,3,1,4,Multiple,4
8/1/18,8/1/18,Initial,0,0,JN-9,1,JN-9-1,801-47,47,4,Non-Self,Tank19,1,1,0,0,4,Multiple,2
8/1/18,8/2/18,Mid,1,1,JN-9,1,JN-9-1,801-47,47,4,Non-Self,Tank19,1,1,0,0,4,Multiple,2
8/1/18,8/9/18,Mid,10,8,JN-9,1,JN-9-1,801-47,47,4,Non-Self,Tank21,1,3,3,1,4,Multiple,2
8/1/18,8/14/18,Final,15,13,JN-9,1,JN-9-1,801-47,47,4,Non-Self,Tank21,1,4,3,1,4,Multiple,2
8/1/18,8/1/18,Initial,0,0,JN-9,2,JN-9-2,742-F,F,4,Non-Self,Tank19,1,1,0,0,4,Multiple,2
8/1/18,8/2/18,Mid,1,1,JN-9,2,JN-9-2,742-F,F,4,Non-Self,Tank19,1,1,0,0,4,Multiple,2
8/1/18,8/9/18,Mid,10,8,JN-9,2,JN-9-2,742-F,F,4,Non-Self,Tank21,1,3,3,1,4,Multiple,2
8/1/18,8/14/18,Final,15,13,JN-9,2,JN-9-2,742-F,F,4,Non-Self,Tank21,1,4,3,1,4,Multiple,2
8/1/18,8/1/18,Initial,0,0,JN-9,3,JN-9-3,821-47,47,4,Non-Self,Tank19,1,1,0,0,4,Multiple,2
8/1/18,8/2/18,Mid,1,1,JN-9,3,JN-9-3,821-47,47,4,Non-Self,Tank19,1,1,0,0,4,Multiple,2
8/1/18,8/9/18,Mid,10,8,JN-9,3,JN-9-3,821-47,47,4,Non-Self,Tank21,1,5,3,1,4,Multiple,2
8/1/18,8/14/18,Final,15,13,JN-9,3,JN-9-3,821-47,47,4,Non-Self,Tank21,1,6,3,1,4,Multiple,2
8/1/18,8/1/18,Initial,0,0,JN-9,4,JN-9-4,824-1,1,4,Non-Self,Tank19,1,1,0,0,4,Multiple,2
8/1/18,8/2/18,Mid,1,1,JN-9,4,JN-9-4,824-1,1,4,Non-Self,Tank19,1,1,0,0,4,Multiple,2
8/1/18,8/9/18,Mid,10,8,JN-9,4,JN-9-4,824-1,1,4,Non-Self,Tank21,1,4,3,1,4,Multiple,2
8/1/18,8/14/18,Final,15,13,JN-9,4,JN-9-4,824-1,1,4,Non-Self,Tank21,1,5,3,1,4,Multiple,2