MeasureDate,Timepoint,Day,Slide,Spat,Sample,Genotype,Parent.Site,Total.Juveniles,Diversity.Type,Tank,Survivorship,Polyps,Fusion.Partners,Fusion,Treatment,Richness,Community,
8/14/18,Initial,0,AS-2,1,AS-2-1,815-25,25,1,Individual,Tank17,1,1,0,NA,Ambient,1,Individual,CORRECT TO ORIGINAL MORTALITY
8/22/18,S1D3,3,AS-2,1,AS-2-1,815-25,25,1,Individual,Tank17,1,1,0,NA,Ambient,1,Individual,
8/30/18,S2R1,11,AS-2,1,AS-2-1,815-25,25,1,Individual,Tank18,1,1,0,NA,Ambient,1,Individual,
9/5/18,S2D2,17,AS-2,1,AS-2-1,815-25,25,1,Individual,Tank21,1,1,0,NA,Ambient,1,Individual,
9/11/18,S2D8,23,AS-2,1,AS-2-1,815-25,25,1,Individual,Tank18,1,2,0,NA,Ambient,1,Individual,
9/14/18,S2D11,26,AS-2,1,AS-2-1,815-25,25,1,Individual,Tank17,1,2,0,NA,Ambient,1,Individual,
9/20/18,End,32,AS-2,1,AS-2-1,815-25,25,1,Individual,Tank17,1,1,0,NA,Ambient,1,Individual,
8/14/18,Initial,0,AS-4,1,AS-4-1,807-42,42,1,Individual,Tank23,1,3,0,NA,Ambient,1,Individual,
8/22/18,S1D3,3,AS-4,1,AS-4-1,807-42,42,1,Individual,Tank23,1,3,0,NA,Ambient,1,Individual,
8/30/18,S2R1,11,AS-4,1,AS-4-1,807-42,42,1,Individual,Tank21,1,3,0,NA,Ambient,1,Individual,
9/5/18,S2D2,17,AS-4,1,AS-4-1,807-42,42,1,Individual,Tank23,1,3,0,NA,Ambient,1,Individual,
9/11/18,S2D8,23,AS-4,1,AS-4-1,807-42,42,1,Individual,Tank21,1,2,0,NA,Ambient,1,Individual,
9/14/18,S2D11,26,AS-4,1,AS-4-1,807-42,42,1,Individual,Tank23,1,4,0,NA,Ambient,1,Individual,
9/20/18,End,32,AS-4,1,AS-4-1,807-42,42,1,Individual,Tank23,1,4,0,NA,Ambient,1,Individual,
8/14/18,Initial,0,AS-7,1,AS-7-1,742-F,F,1,Individual,Tank21,1,2,0,NA,Ambient,1,Individual,
8/22/18,S1D3,3,AS-7,1,AS-7-1,742-F,F,1,Individual,Tank21,1,3,0,NA,Ambient,1,Individual,
8/30/18,S2R1,11,AS-7,1,AS-7-1,742-F,F,1,Individual,Tank23,1,3,0,NA,Ambient,1,Individual,
9/5/18,S2D2,17,AS-7,1,AS-7-1,742-F,F,1,Individual,Tank17,1,3,0,NA,Ambient,1,Individual,
9/11/18,S2D8,23,AS-7,1,AS-7-1,742-F,F,1,Individual,Tank23,1,4,0,NA,Ambient,1,Individual,
9/14/18,S2D11,26,AS-7,1,AS-7-1,742-F,F,1,Individual,Tank21,1,5,0,NA,Ambient,1,Individual,
9/20/18,End,32,AS-7,1,AS-7-1,742-F,F,1,Individual,Tank21,1,5,0,NA,Ambient,1,Individual,
8/14/18,Initial,0,JA-19,2,JA-19-2,841-47,47,1,Self,Tank17,1,2,0,0,Ambient,1,Multiple,
8/22/18,S1D3,3,JA-19,2,JA-19-2,841-47,47,1,Self,Tank17,1,3,0,0,Ambient,1,Multiple,
8/30/18,S2R1,11,JA-19,2,JA-19-2,841-47,47,1,Self,Tank18,1,4,0,0,Ambient,1,Multiple,
9/5/18,S2D2,17,JA-19,2,JA-19-2,841-47,47,1,Self,Tank21,1,3,0,0,Ambient,1,Multiple,
9/11/18,S2D8,23,JA-19,2,JA-19-2,841-47,47,1,Self,Tank18,1,2,0,0,Ambient,1,Multiple,
9/14/18,S2D11,26,JA-19,2,JA-19-2,841-47,47,1,Self,Tank17,1,2,0,0,Ambient,1,Multiple,
9/20/18,End,32,JA-19,2,JA-19-2,841-47,47,1,Self,Tank17,0,NA,0,0,Ambient,1,Multiple,
8/14/18,Initial,0,JA-20,2,JA-20-2,841-47,47,2,Self,Tank23,1,4,0,0,Ambient,1,Multiple,
8/22/18,S1D3,3,JA-20,2,JA-20-2,841-47,47,2,Self,Tank23,1,5,0,0,Ambient,1,Multiple,
8/30/18,S2R1,11,JA-20,2,JA-20-2,841-47,47,2,Self,Tank21,1,6,0,0,Ambient,1,Multiple,
9/5/18,S2D2,17,JA-20,2,JA-20-2,841-47,47,2,Self,Tank23,1,5,0,0,Ambient,1,Multiple,
9/11/18,S2D8,23,JA-20,2,JA-20-2,841-47,47,2,Self,Tank21,1,7,0,0,Ambient,1,Multiple,
9/14/18,S2D11,26,JA-20,2,JA-20-2,841-47,47,2,Self,Tank23,1,7,0,0,Ambient,1,Multiple,
9/20/18,End,32,JA-20,2,JA-20-2,841-47,47,2,Self,Tank23,1,7,0,0,Ambient,1,Multiple,
8/14/18,Initial,0,JA-20,3,JA-20-3,841-47,47,2,Self,Tank23,1,3,0,0,Ambient,1,Multiple,
8/22/18,S1D3,3,JA-20,3,JA-20-3,841-47,47,2,Self,Tank23,1,4,0,0,Ambient,1,Multiple,
8/30/18,S2R1,11,JA-20,3,JA-20-3,841-47,47,2,Self,Tank21,1,4,0,0,Ambient,1,Multiple,
9/5/18,S2D2,17,JA-20,3,JA-20-3,841-47,47,2,Self,Tank23,0,NA,0,0,Ambient,1,Multiple,
9/11/18,S2D8,23,JA-20,3,JA-20-3,841-47,47,2,Self,Tank21,0,NA,0,0,Ambient,1,Multiple,
9/14/18,S2D11,26,JA-20,3,JA-20-3,841-47,47,2,Self,Tank23,0,NA,0,0,Ambient,1,Multiple,
9/20/18,End,32,JA-20,3,JA-20-3,841-47,47,2,Self,Tank23,0,NA,0,0,Ambient,1,Multiple,
8/22/18,S1D3,3,JN-1,1,JN-1-1,813-25,25,2,Non-Self,Tank23,1,4,0,0,Ambient,2,Multiple,
8/30/18,S2R1,11,JN-1,1,JN-1-1,813-25,25,2,Non-Self,Tank21,1,4,0,0,Ambient,2,Multiple,
9/5/18,S2D2,17,JN-1,1,JN-1-1,813-25,25,2,Non-Self,Tank23,1,3,0,0,Ambient,2,Multiple,
9/11/18,S2D8,23,JN-1,1,JN-1-1,813-25,25,2,Non-Self,Tank21,1,5,0,0,Ambient,2,Multiple,
9/14/18,S2D11,26,JN-1,1,JN-1-1,813-25,25,2,Non-Self,Tank23,1,4,0,0,Ambient,2,Multiple,
9/20/18,End,32,JN-1,1,JN-1-1,813-25,25,2,Non-Self,Tank23,1,4,0,0,Ambient,2,Multiple,
8/22/18,S1D3,3,JN-1,2,JN-1-2,831-47,47,2,Non-Self,Tank23,1,7,0,0,Ambient,2,Multiple,
8/30/18,S2R1,11,JN-1,2,JN-1-2,831-47,47,2,Non-Self,Tank21,1,6,0,0,Ambient,2,Multiple,
9/5/18,S2D2,17,JN-1,2,JN-1-2,831-47,47,2,Non-Self,Tank23,1,6,0,0,Ambient,2,Multiple,
9/11/18,S2D8,23,JN-1,2,JN-1-2,831-47,47,2,Non-Self,Tank21,1,6,0,0,Ambient,2,Multiple,
9/14/18,S2D11,26,JN-1,2,JN-1-2,831-47,47,2,Non-Self,Tank23,0,NA,0,0,Ambient,2,Multiple,
9/20/18,End,32,JN-1,2,JN-1-2,831-47,47,2,Non-Self,Tank23,0,NA,0,0,Ambient,2,Multiple,
8/14/18,Initial,0,JN-17,3,JN-17-3,806-42,42,1,Non-Self,Tank21,1,1,0,0,Ambient,1,Multiple,
8/22/18,S1D3,3,JN-17,3,JN-17-3,806-42,42,1,Non-Self,Tank21,1,2,0,0,Ambient,1,Multiple,
8/30/18,S2R1,11,JN-17,3,JN-17-3,806-42,42,1,Non-Self,Tank23,1,2,0,0,Ambient,1,Multiple,
9/5/18,S2D2,17,JN-17,3,JN-17-3,806-42,42,1,Non-Self,Tank17,1,2,0,0,Ambient,1,Multiple,
9/11/18,S2D8,23,JN-17,3,JN-17-3,806-42,42,1,Non-Self,Tank23,1,2,0,0,Ambient,1,Multiple,
9/14/18,S2D11,26,JN-17,3,JN-17-3,806-42,42,1,Non-Self,Tank21,1,2,0,0,Ambient,1,Multiple,
9/20/18,End,32,JN-17,3,JN-17-3,806-42,42,1,Non-Self,Tank21,1,3,0,0,Ambient,1,Multiple,
9/20/18,End,32,JN-22,1,JN-22-1,815-25,25,2,Non-Self,Tank23,1,2,0,0,Ambient,2,Multiple,
9/20/18,End,32,JN-22,2,JN-22-2,807-42,42,2,Non-Self,Tank23,1,6,0,0,Ambient,2,Multiple,
9/11/18,S2D8,23,JN-27,1,JN-27-1,821-47,47,2,Non-Self,Tank21,1,5,0,0,Ambient,2,Multiple,
9/14/18,S2D11,26,JN-27,1,JN-27-1,821-47,47,2,Non-Self,Tank23,1,5,0,0,Ambient,2,Multiple,
8/14/18,Initial,0,JN-5,3,JN-5-3,804-42,42,1,Non-Self,Tank18,1,2,0,0,Ambient,1,Multiple,
8/22/18,S1D3,3,JN-5,3,JN-5-3,804-42,42,1,Non-Self,Tank18,1,2,0,0,Ambient,1,Multiple,
8/30/18,S2R1,11,JN-5,3,JN-5-3,804-42,42,1,Non-Self,Tank17,1,2,0,0,Ambient,1,Multiple,
9/5/18,S2D2,17,JN-5,3,JN-5-3,804-42,42,1,Non-Self,Tank18,1,2,0,0,Ambient,1,Multiple,
9/11/18,S2D8,23,JN-5,3,JN-5-3,804-42,42,1,Non-Self,Tank17,1,2,0,0,Ambient,1,Multiple,
9/14/18,S2D11,26,JN-5,3,JN-5-3,804-42,42,1,Non-Self,Tank18,1,2,0,0,Ambient,1,Multiple,
9/20/18,End,32,JN-5,3,JN-5-3,804-42,42,1,Non-Self,Tank18,0,NA,0,0,Ambient,1,Multiple,
8/14/18,Initial,0,JS-1,1,JS-1-1,813-25,25,1,Individual,Tank18,1,5,0,NA,Ambient,1,Individual,
8/22/18,S1D3,3,JS-1,1,JS-1-1,813-25,25,1,Individual,Tank18,1,6,0,NA,Ambient,1,Individual,
8/30/18,S2R1,11,JS-1,1,JS-1-1,813-25,25,1,Individual,Tank17,1,4,0,NA,Ambient,1,Individual,
9/5/18,S2D2,17,JS-1,1,JS-1-1,813-25,25,1,Individual,Tank18,1,4,0,NA,Ambient,1,Individual,
9/11/18,S2D8,23,JS-1,1,JS-1-1,813-25,25,1,Individual,Tank17,1,4,0,NA,Ambient,1,Individual,
9/14/18,S2D11,26,JS-1,1,JS-1-1,813-25,25,1,Individual,Tank18,1,3,0,NA,Ambient,1,Individual,
9/20/18,End,32,JS-1,1,JS-1-1,813-25,25,1,Individual,Tank18,1,3,0,NA,Ambient,1,Individual,
8/14/18,Initial,0,JS-11,1,JS-11-1,841-47,47,1,Individual,Tank18,1,3,0,NA,Ambient,1,Individual,
8/22/18,S1D3,3,JS-11,1,JS-11-1,841-47,47,1,Individual,Tank18,1,3,0,NA,Ambient,1,Individual,
8/30/18,S2R1,11,JS-11,1,JS-11-1,841-47,47,1,Individual,Tank17,1,3,0,NA,Ambient,1,Individual,
9/5/18,S2D2,17,JS-11,1,JS-11-1,841-47,47,1,Individual,Tank18,1,4,0,NA,Ambient,1,Individual,
9/11/18,S2D8,23,JS-11,1,JS-11-1,841-47,47,1,Individual,Tank17,1,5,0,NA,Ambient,1,Individual,
9/14/18,S2D11,26,JS-11,1,JS-11-1,841-47,47,1,Individual,Tank18,1,7,0,NA,Ambient,1,Individual,
9/20/18,End,32,JS-11,1,JS-11-1,841-47,47,1,Individual,Tank18,1,5,0,NA,Ambient,1,Individual,
8/14/18,Initial,0,JS-13,1,JS-13-1,812-25,25,1,Individual,Tank21,1,3,0,NA,Ambient,1,Individual,
8/22/18,S1D3,3,JS-13,1,JS-13-1,812-25,25,1,Individual,Tank21,1,4,0,NA,Ambient,1,Individual,
8/30/18,S2R1,11,JS-13,1,JS-13-1,812-25,25,1,Individual,Tank23,1,5,0,NA,Ambient,1,Individual,
9/5/18,S2D2,17,JS-13,1,JS-13-1,812-25,25,1,Individual,Tank17,1,5,0,NA,Ambient,1,Individual,
9/11/18,S2D8,23,JS-13,1,JS-13-1,812-25,25,1,Individual,Tank23,1,7,0,NA,Ambient,1,Individual,
9/14/18,S2D11,26,JS-13,1,JS-13-1,812-25,25,1,Individual,Tank21,1,7,0,NA,Ambient,1,Individual,
9/20/18,End,32,JS-13,1,JS-13-1,812-25,25,1,Individual,Tank21,1,7,0,NA,Ambient,1,Individual,
8/14/18,Initial,0,JS-25,1,JS-25-1,742-F,F,1,Individual,Tank17,1,3,0,NA,Ambient,1,Individual,
8/22/18,S1D3,3,JS-25,1,JS-25-1,742-F,F,1,Individual,Tank17,1,3,0,NA,Ambient,1,Individual,
8/30/18,S2R1,11,JS-25,1,JS-25-1,742-F,F,1,Individual,Tank18,1,3,0,NA,Ambient,1,Individual,
9/5/18,S2D2,17,JS-25,1,JS-25-1,742-F,F,1,Individual,Tank21,1,3,0,NA,Ambient,1,Individual,
9/11/18,S2D8,23,JS-25,1,JS-25-1,742-F,F,1,Individual,Tank18,1,4,0,NA,Ambient,1,Individual,
9/14/18,S2D11,26,JS-25,1,JS-25-1,742-F,F,1,Individual,Tank17,1,4,0,NA,Ambient,1,Individual,
9/20/18,End,32,JS-25,1,JS-25-1,742-F,F,1,Individual,Tank17,1,4,0,NA,Ambient,1,Individual,
8/14/18,Initial,0,JS-26,1,JS-26-1,742-F,F,1,Individual,Tank23,1,2,0,NA,Ambient,1,Individual,
8/22/18,S1D3,3,JS-26,1,JS-26-1,742-F,F,1,Individual,Tank23,1,2,0,NA,Ambient,1,Individual,
8/30/18,S2R1,11,JS-26,1,JS-26-1,742-F,F,1,Individual,Tank21,1,2,0,NA,Ambient,1,Individual,
9/5/18,S2D2,17,JS-26,1,JS-26-1,742-F,F,1,Individual,Tank23,1,3,0,NA,Ambient,1,Individual,
9/11/18,S2D8,23,JS-26,1,JS-26-1,742-F,F,1,Individual,Tank21,1,3,0,NA,Ambient,1,Individual,
9/14/18,S2D11,26,JS-26,1,JS-26-1,742-F,F,1,Individual,Tank23,1,3,0,NA,Ambient,1,Individual,
9/20/18,End,32,JS-26,1,JS-26-1,742-F,F,1,Individual,Tank23,1,3,0,NA,Ambient,1,Individual,
8/14/18,Initial,0,JS-27,1,JS-27-1,821-47,47,1,Individual,Tank21,1,3,0,NA,Ambient,1,Individual,
8/22/18,S1D3,3,JS-27,1,JS-27-1,821-47,47,1,Individual,Tank21,1,4,0,NA,Ambient,1,Individual,
8/30/18,S2R1,11,JS-27,1,JS-27-1,821-47,47,1,Individual,Tank23,1,4,0,NA,Ambient,1,Individual,
9/5/18,S2D2,17,JS-27,1,JS-27-1,821-47,47,1,Individual,Tank17,1,4,0,NA,Ambient,1,Individual,
9/11/18,S2D8,23,JS-27,1,JS-27-1,821-47,47,1,Individual,Tank23,1,5,0,NA,Ambient,1,Individual,
9/14/18,S2D11,26,JS-27,1,JS-27-1,821-47,47,1,Individual,Tank21,1,5,0,NA,Ambient,1,Individual,
9/20/18,End,32,JS-27,1,JS-27-1,821-47,47,1,Individual,Tank21,1,6,0,NA,Ambient,1,Individual,
8/14/18,Initial,0,JS-28,1,JS-28-1,821-47,47,1,Individual,Tank18,1,5,0,NA,Ambient,1,Individual,
8/22/18,S1D3,3,JS-28,1,JS-28-1,821-47,47,1,Individual,Tank18,1,5,0,NA,Ambient,1,Individual,
8/30/18,S2R1,11,JS-28,1,JS-28-1,821-47,47,1,Individual,Tank17,0,NA,0,NA,Ambient,1,Individual,
9/5/18,S2D2,17,JS-28,1,JS-28-1,821-47,47,1,Individual,Tank18,0,NA,0,NA,Ambient,1,Individual,
9/11/18,S2D8,23,JS-28,1,JS-28-1,821-47,47,1,Individual,Tank17,0,NA,0,NA,Ambient,1,Individual,
9/14/18,S2D11,26,JS-28,1,JS-28-1,821-47,47,1,Individual,Tank18,0,NA,0,NA,Ambient,1,Individual,
9/20/18,End,32,JS-28,1,JS-28-1,821-47,47,1,Individual,Tank18,0,NA,0,NA,Ambient,1,Individual,
8/14/18,Initial,0,JS-30,1,JS-30-1,807-42,42,1,Individual,Tank17,1,6,0,NA,Ambient,1,Individual,
8/22/18,S1D3,3,JS-30,1,JS-30-1,807-42,42,1,Individual,Tank17,1,6,0,NA,Ambient,1,Individual,
8/30/18,S2R1,11,JS-30,1,JS-30-1,807-42,42,1,Individual,Tank18,1,6,0,NA,Ambient,1,Individual,
9/5/18,S2D2,17,JS-30,1,JS-30-1,807-42,42,1,Individual,Tank21,1,7,0,NA,Ambient,1,Individual,
9/11/18,S2D8,23,JS-30,1,JS-30-1,807-42,42,1,Individual,Tank18,1,8,0,NA,Ambient,1,Individual,
9/14/18,S2D11,26,JS-30,1,JS-30-1,807-42,42,1,Individual,Tank17,1,9,0,NA,Ambient,1,Individual,
9/20/18,End,32,JS-30,1,JS-30-1,807-42,42,1,Individual,Tank17,1,9,0,NA,Ambient,1,Individual,
8/14/18,Initial,0,JS-31,1,JS-31-1,807-42,42,1,Individual,Tank18,1,6,0,NA,Ambient,1,Individual,
8/22/18,S1D3,3,JS-31,1,JS-31-1,807-42,42,1,Individual,Tank18,1,6,0,NA,Ambient,1,Individual,
8/30/18,S2R1,11,JS-31,1,JS-31-1,807-42,42,1,Individual,Tank17,1,6,0,NA,Ambient,1,Individual,
9/5/18,S2D2,17,JS-31,1,JS-31-1,807-42,42,1,Individual,Tank18,1,6,0,NA,Ambient,1,Individual,
9/11/18,S2D8,23,JS-31,1,JS-31-1,807-42,42,1,Individual,Tank17,1,7,0,NA,Ambient,1,Individual,
9/14/18,S2D11,26,JS-31,1,JS-31-1,807-42,42,1,Individual,Tank18,1,8,0,NA,Ambient,1,Individual,
9/20/18,End,32,JS-31,1,JS-31-1,807-42,42,1,Individual,Tank18,1,12,0,NA,Ambient,1,Individual,
8/14/18,Initial,0,JS-33,1,JS-33-1,743-13,13,1,Individual,Tank23,1,4,0,NA,Ambient,1,Individual,
8/22/18,S1D3,3,JS-33,1,JS-33-1,743-13,13,1,Individual,Tank23,1,5,0,NA,Ambient,1,Individual,
8/30/18,S2R1,11,JS-33,1,JS-33-1,743-13,13,1,Individual,Tank21,1,5,0,NA,Ambient,1,Individual,
9/5/18,S2D2,17,JS-33,1,JS-33-1,743-13,13,1,Individual,Tank23,1,6,0,NA,Ambient,1,Individual,
9/11/18,S2D8,23,JS-33,1,JS-33-1,743-13,13,1,Individual,Tank21,1,7,0,NA,Ambient,1,Individual,
9/14/18,S2D11,26,JS-33,1,JS-33-1,743-13,13,1,Individual,Tank23,1,7,0,NA,Ambient,1,Individual,
9/20/18,End,32,JS-33,1,JS-33-1,743-13,13,1,Individual,Tank23,1,7,0,NA,Ambient,1,Individual,
8/14/18,Initial,0,JS-37,1,JS-37-1,806-42,42,1,Individual,Tank17,1,5,0,NA,Ambient,1,Individual,
8/22/18,S1D3,3,JS-37,1,JS-37-1,806-42,42,1,Individual,Tank17,1,5,0,NA,Ambient,1,Individual,
8/30/18,S2R1,11,JS-37,1,JS-37-1,806-42,42,1,Individual,Tank18,1,5,0,NA,Ambient,1,Individual,
9/5/18,S2D2,17,JS-37,1,JS-37-1,806-42,42,1,Individual,Tank21,1,7,0,NA,Ambient,1,Individual,
9/11/18,S2D8,23,JS-37,1,JS-37-1,806-42,42,1,Individual,Tank18,1,9,0,NA,Ambient,1,Individual,
9/14/18,S2D11,26,JS-37,1,JS-37-1,806-42,42,1,Individual,Tank17,1,9,0,NA,Ambient,1,Individual,
9/20/18,End,32,JS-37,1,JS-37-1,806-42,42,1,Individual,Tank17,1,8,0,NA,Ambient,1,Individual,
8/14/18,Initial,0,JS-38,1,JS-38-1,806-42,42,1,Individual,Tank18,1,5,0,NA,Ambient,1,Individual,
8/22/18,S1D3,3,JS-38,1,JS-38-1,806-42,42,1,Individual,Tank18,1,5,0,NA,Ambient,1,Individual,
8/30/18,S2R1,11,JS-38,1,JS-38-1,806-42,42,1,Individual,Tank17,1,5,0,NA,Ambient,1,Individual,
9/5/18,S2D2,17,JS-38,1,JS-38-1,806-42,42,1,Individual,Tank18,1,5,0,NA,Ambient,1,Individual,
9/11/18,S2D8,23,JS-38,1,JS-38-1,806-42,42,1,Individual,Tank17,1,6,0,NA,Ambient,1,Individual,
9/14/18,S2D11,26,JS-38,1,JS-38-1,806-42,42,1,Individual,Tank18,1,7,0,NA,Ambient,1,Individual,
9/20/18,End,32,JS-38,1,JS-38-1,806-42,42,1,Individual,Tank18,1,7,0,NA,Ambient,1,Individual,
8/14/18,Initial,0,JS-39,1,JS-39-1,806-42,42,1,Individual,Tank19,1,2,0,NA,Ambient,1,Individual,
8/14/18,Initial,0,JS-42,1,JS-42-1,813-25,25,1,Individual,Tank21,1,8,0,NA,Ambient,1,Individual,
8/22/18,S1D3,3,JS-42,1,JS-42-1,813-25,25,1,Individual,Tank21,1,8,0,NA,Ambient,1,Individual,
8/30/18,S2R1,11,JS-42,1,JS-42-1,813-25,25,1,Individual,Tank23,1,8,0,NA,Ambient,1,Individual,
9/5/18,S2D2,17,JS-42,1,JS-42-1,813-25,25,1,Individual,Tank17,1,8,0,NA,Ambient,1,Individual,
9/11/18,S2D8,23,JS-42,1,JS-42-1,813-25,25,1,Individual,Tank23,1,8,0,NA,Ambient,1,Individual,
9/14/18,S2D11,26,JS-42,1,JS-42-1,813-25,25,1,Individual,Tank21,1,9,0,NA,Ambient,1,Individual,
9/20/18,End,32,JS-42,1,JS-42-1,813-25,25,1,Individual,Tank21,1,10,0,NA,Ambient,1,Individual,
8/14/18,Initial,0,JS-46,1,JS-46-1,806-42,42,1,Individual,Tank23,1,2,0,NA,Ambient,1,Individual,
8/22/18,S1D3,3,JS-46,1,JS-46-1,806-42,42,1,Individual,Tank23,1,4,0,NA,Ambient,1,Individual,
8/30/18,S2R1,11,JS-46,1,JS-46-1,806-42,42,1,Individual,Tank21,1,4,0,NA,Ambient,1,Individual,
9/5/18,S2D2,17,JS-46,1,JS-46-1,806-42,42,1,Individual,Tank23,1,4,0,NA,Ambient,1,Individual,
9/11/18,S2D8,23,JS-46,1,JS-46-1,806-42,42,1,Individual,Tank21,1,5,0,NA,Ambient,1,Individual,
9/14/18,S2D11,26,JS-46,1,JS-46-1,806-42,42,1,Individual,Tank23,1,6,0,NA,Ambient,1,Individual,
9/20/18,End,32,JS-46,1,JS-46-1,806-42,42,1,Individual,Tank23,1,6,0,NA,Ambient,1,Individual,
8/14/18,Initial,0,JS-47,1,JS-47-1,806-42,42,1,Individual,Tank18,1,1,0,NA,Ambient,1,Individual,
8/22/18,S1D3,3,JS-47,1,JS-47-1,806-42,42,1,Individual,Tank18,1,2,0,NA,Ambient,1,Individual,
8/30/18,S2R1,11,JS-47,1,JS-47-1,806-42,42,1,Individual,Tank17,1,3,0,NA,Ambient,1,Individual,
9/5/18,S2D2,17,JS-47,1,JS-47-1,806-42,42,1,Individual,Tank18,1,3,0,NA,Ambient,1,Individual,
9/11/18,S2D8,23,JS-47,1,JS-47-1,806-42,42,1,Individual,Tank17,1,4,0,NA,Ambient,1,Individual,
9/14/18,S2D11,26,JS-47,1,JS-47-1,806-42,42,1,Individual,Tank18,1,4,0,NA,Ambient,1,Individual,
9/20/18,End,32,JS-47,1,JS-47-1,806-42,42,1,Individual,Tank18,1,5,0,NA,Ambient,1,Individual,
8/14/18,Initial,0,JS-48,1,JS-48-1,823-1,1,1,Individual,Tank17,1,8,0,NA,Ambient,1,Individual,
8/22/18,S1D3,3,JS-48,1,JS-48-1,823-1,1,1,Individual,Tank17,1,8,0,NA,Ambient,1,Individual,
8/30/18,S2R1,11,JS-48,1,JS-48-1,823-1,1,1,Individual,Tank18,1,8,0,NA,Ambient,1,Individual,
9/5/18,S2D2,17,JS-48,1,JS-48-1,823-1,1,1,Individual,Tank21,1,8,0,NA,Ambient,1,Individual,
9/11/18,S2D8,23,JS-48,1,JS-48-1,823-1,1,1,Individual,Tank18,1,10,0,NA,Ambient,1,Individual,
9/14/18,S2D11,26,JS-48,1,JS-48-1,823-1,1,1,Individual,Tank17,1,10,0,NA,Ambient,1,Individual,
9/20/18,End,32,JS-48,1,JS-48-1,823-1,1,1,Individual,Tank17,1,10,0,NA,Ambient,1,Individual,
8/14/18,Initial,0,JS-5,1,JS-5-1,741-F,F,1,Individual,Tank17,1,4,0,NA,Ambient,1,Individual,
8/22/18,S1D3,3,JS-5,1,JS-5-1,741-F,F,1,Individual,Tank17,1,4,0,NA,Ambient,1,Individual,
8/30/18,S2R1,11,JS-5,1,JS-5-1,741-F,F,1,Individual,Tank18,1,4,0,NA,Ambient,1,Individual,
9/5/18,S2D2,17,JS-5,1,JS-5-1,741-F,F,1,Individual,Tank21,1,3,0,NA,Ambient,1,Individual,
9/11/18,S2D8,23,JS-5,1,JS-5-1,741-F,F,1,Individual,Tank18,1,4,0,NA,Ambient,1,Individual,
9/14/18,S2D11,26,JS-5,1,JS-5-1,741-F,F,1,Individual,Tank17,1,4,0,NA,Ambient,1,Individual,
9/20/18,End,32,JS-5,1,JS-5-1,741-F,F,1,Individual,Tank17,1,5,0,NA,Ambient,1,Individual,
8/14/18,Initial,0,JS-9,1,JS-9-1,841-47,47,1,Individual,Tank17,1,5,0,NA,Ambient,1,Individual,
8/22/18,S1D3,3,JS-9,1,JS-9-1,841-47,47,1,Individual,Tank17,1,5,0,NA,Ambient,1,Individual,
8/30/18,S2R1,11,JS-9,1,JS-9-1,841-47,47,1,Individual,Tank18,1,5,0,NA,Ambient,1,Individual,
9/5/18,S2D2,17,JS-9,1,JS-9-1,841-47,47,1,Individual,Tank21,1,5,0,NA,Ambient,1,Individual,
9/11/18,S2D8,23,JS-9,1,JS-9-1,841-47,47,1,Individual,Tank18,1,6,0,NA,Ambient,1,Individual,
9/14/18,S2D11,26,JS-9,1,JS-9-1,841-47,47,1,Individual,Tank17,1,6,0,NA,Ambient,1,Individual,
9/20/18,End,32,JS-9,1,JS-9-1,841-47,47,1,Individual,Tank17,1,6,0,NA,Ambient,1,Individual,
8/14/18,Initial,0,AN-10,1,AN-10-1,807-42,42,2,Non-Self,Tank17,1,4,1,1,Ambient,2,Multiple,
8/22/18,S1D3,3,AN-10,1,AN-10-1,807-42,42,2,Non-Self,Tank17,1,5,1,1,Ambient,2,Multiple,
8/30/18,S2R1,11,AN-10,1,AN-10-1,807-42,42,2,Non-Self,Tank18,1,6,1,1,Ambient,2,Multiple,
9/5/18,S2D2,17,AN-10,1,AN-10-1,807-42,42,2,Non-Self,Tank21,1,7,1,1,Ambient,2,Multiple,
9/11/18,S2D8,23,AN-10,1,AN-10-1,807-42,42,2,Non-Self,Tank18,1,7,1,1,Ambient,2,Multiple,
9/14/18,S2D11,26,AN-10,1,AN-10-1,807-42,42,2,Non-Self,Tank17,1,7,1,1,Ambient,2,Multiple,
9/20/18,End,32,AN-10,1,AN-10-1,807-42,42,2,Non-Self,Tank17,1,7,1,1,Ambient,2,Multiple,
8/14/18,Initial,0,AN-10,2,AN-10-2,806-42,42,2,Non-Self,Tank17,1,1,1,1,Ambient,2,Multiple,
8/22/18,S1D3,3,AN-10,2,AN-10-2,806-42,42,2,Non-Self,Tank17,1,2,1,1,Ambient,2,Multiple,
8/30/18,S2R1,11,AN-10,2,AN-10-2,806-42,42,2,Non-Self,Tank18,1,2,1,1,Ambient,2,Multiple,
9/5/18,S2D2,17,AN-10,2,AN-10-2,806-42,42,2,Non-Self,Tank21,1,3,1,1,Ambient,2,Multiple,
9/11/18,S2D8,23,AN-10,2,AN-10-2,806-42,42,2,Non-Self,Tank18,1,4,1,1,Ambient,2,Multiple,
9/14/18,S2D11,26,AN-10,2,AN-10-2,806-42,42,2,Non-Self,Tank17,1,4,1,1,Ambient,2,Multiple,
9/20/18,End,32,AN-10,2,AN-10-2,806-42,42,2,Non-Self,Tank17,1,3,1,1,Ambient,2,Multiple,
8/14/18,Initial,0,AN-3,1,AN-3-1,743-13,13,2,Non-Self,Tank18,1,2,1,1,Ambient,2,Multiple,
8/22/18,S1D3,3,AN-3,1,AN-3-1,743-13,13,2,Non-Self,Tank18,1,2,1,1,Ambient,2,Multiple,
8/30/18,S2R1,11,AN-3,1,AN-3-1,743-13,13,2,Non-Self,Tank17,1,3,1,1,Ambient,2,Multiple,
9/5/18,S2D2,17,AN-3,1,AN-3-1,743-13,13,2,Non-Self,Tank18,1,3,1,1,Ambient,2,Multiple,
9/11/18,S2D8,23,AN-3,1,AN-3-1,743-13,13,2,Non-Self,Tank17,1,3,1,1,Ambient,2,Multiple,
9/14/18,S2D11,26,AN-3,1,AN-3-1,743-13,13,2,Non-Self,Tank18,1,3,1,1,Ambient,2,Multiple,
9/20/18,End,32,AN-3,1,AN-3-1,743-13,13,2,Non-Self,Tank18,1,3,1,1,Ambient,2,Multiple,
8/14/18,Initial,0,AN-3,2,AN-3-2,744-1,1,2,Non-Self,Tank18,1,2,1,1,Ambient,2,Multiple,
8/22/18,S1D3,3,AN-3,2,AN-3-2,744-1,1,2,Non-Self,Tank18,1,3,1,1,Ambient,2,Multiple,
8/30/18,S2R1,11,AN-3,2,AN-3-2,744-1,1,2,Non-Self,Tank17,1,3,1,1,Ambient,2,Multiple,
9/5/18,S2D2,17,AN-3,2,AN-3-2,744-1,1,2,Non-Self,Tank18,1,3,1,1,Ambient,2,Multiple,
9/11/18,S2D8,23,AN-3,2,AN-3-2,744-1,1,2,Non-Self,Tank17,1,3,1,1,Ambient,2,Multiple,
9/14/18,S2D11,26,AN-3,2,AN-3-2,744-1,1,2,Non-Self,Tank18,1,3,1,1,Ambient,2,Multiple,
9/20/18,End,32,AN-3,2,AN-3-2,744-1,1,2,Non-Self,Tank18,0,NA,1,1,Ambient,2,Multiple,
8/14/18,Initial,0,JA-27,1,JA-27-1,742-F,F,2,Self,Tank23,1,3,1,1,Ambient,1,Multiple,
8/22/18,S1D3,3,JA-27,1,JA-27-1,742-F,F,2,Self,Tank23,1,3,1,1,Ambient,1,Multiple,
8/30/18,S2R1,11,JA-27,1,JA-27-1,742-F,F,2,Self,Tank21,1,3,1,1,Ambient,1,Multiple,
9/5/18,S2D2,17,JA-27,1,JA-27-1,742-F,F,2,Self,Tank23,1,3,1,1,Ambient,1,Multiple,
9/11/18,S2D8,23,JA-27,1,JA-27-1,742-F,F,2,Self,Tank21,1,3,1,1,Ambient,1,Multiple,
9/14/18,S2D11,26,JA-27,1,JA-27-1,742-F,F,2,Self,Tank23,1,3,1,1,Ambient,1,Multiple,
9/20/18,End,32,JA-27,1,JA-27-1,742-F,F,2,Self,Tank23,1,4,1,1,Ambient,1,Multiple,
8/14/18,Initial,0,JA-27,2,JA-27-2,742-F,F,2,Self,Tank23,1,5,1,1,Ambient,1,Multiple,
8/22/18,S1D3,3,JA-27,2,JA-27-2,742-F,F,2,Self,Tank23,1,5,1,1,Ambient,1,Multiple,
8/30/18,S2R1,11,JA-27,2,JA-27-2,742-F,F,2,Self,Tank21,1,5,1,1,Ambient,1,Multiple,
9/5/18,S2D2,17,JA-27,2,JA-27-2,742-F,F,2,Self,Tank23,1,5,1,1,Ambient,1,Multiple,
9/11/18,S2D8,23,JA-27,2,JA-27-2,742-F,F,2,Self,Tank21,1,6,1,1,Ambient,1,Multiple,
9/14/18,S2D11,26,JA-27,2,JA-27-2,742-F,F,2,Self,Tank23,1,5,1,1,Ambient,1,Multiple,
9/20/18,End,32,JA-27,2,JA-27-2,742-F,F,2,Self,Tank23,1,7,1,1,Ambient,1,Multiple,
8/14/18,Initial,0,JA-64,1,JA-64-1,823-1,1,2,Self,Tank21,1,4,1,1,Ambient,1,Multiple,
8/22/18,S1D3,3,JA-64,1,JA-64-1,823-1,1,2,Self,Tank21,1,5,1,1,Ambient,1,Multiple,
8/30/18,S2R1,11,JA-64,1,JA-64-1,823-1,1,2,Self,Tank23,1,5,1,1,Ambient,1,Multiple,
9/5/18,S2D2,17,JA-64,1,JA-64-1,823-1,1,2,Self,Tank17,1,5,1,1,Ambient,1,Multiple,
9/11/18,S2D8,23,JA-64,1,JA-64-1,823-1,1,2,Self,Tank23,1,6,1,1,Ambient,1,Multiple,
9/14/18,S2D11,26,JA-64,1,JA-64-1,823-1,1,2,Self,Tank21,1,6,1,1,Ambient,1,Multiple,
9/20/18,End,32,JA-64,1,JA-64-1,823-1,1,2,Self,Tank21,1,6,1,1,Ambient,1,Multiple,
8/14/18,Initial,0,JA-64,2,JA-64-2,823-1,1,2,Self,Tank21,1,5,1,1,Ambient,1,Multiple,
8/22/18,S1D3,3,JA-64,2,JA-64-2,823-1,1,2,Self,Tank21,1,4,1,1,Ambient,1,Multiple,
8/30/18,S2R1,11,JA-64,2,JA-64-2,823-1,1,2,Self,Tank23,1,5,1,1,Ambient,1,Multiple,
9/5/18,S2D2,17,JA-64,2,JA-64-2,823-1,1,2,Self,Tank17,1,5,1,1,Ambient,1,Multiple,
9/11/18,S2D8,23,JA-64,2,JA-64-2,823-1,1,2,Self,Tank23,1,6,1,1,Ambient,1,Multiple,
9/14/18,S2D11,26,JA-64,2,JA-64-2,823-1,1,2,Self,Tank21,1,6,1,1,Ambient,1,Multiple,
9/20/18,End,32,JA-64,2,JA-64-2,823-1,1,2,Self,Tank21,0,NA,1,1,Ambient,1,Multiple,
8/14/18,Initial,0,JA-9,1,JA-9-1,750-F,F,2,Self,Tank18,1,2,1,1,Ambient,1,Multiple,
8/22/18,S1D3,3,JA-9,1,JA-9-1,750-F,F,2,Self,Tank18,1,2,1,1,Ambient,1,Multiple,
8/30/18,S2R1,11,JA-9,1,JA-9-1,750-F,F,2,Self,Tank17,1,2,1,1,Ambient,1,Multiple,
9/5/18,S2D2,17,JA-9,1,JA-9-1,750-F,F,2,Self,Tank18,1,2,1,1,Ambient,1,Multiple,
9/11/18,S2D8,23,JA-9,1,JA-9-1,750-F,F,2,Self,Tank17,1,2,1,1,Ambient,1,Multiple,
9/14/18,S2D11,26,JA-9,1,JA-9-1,750-F,F,2,Self,Tank18,1,2,1,1,Ambient,1,Multiple,
9/20/18,End,32,JA-9,1,JA-9-1,750-F,F,2,Self,Tank18,1,2,1,1,Ambient,1,Multiple,
8/14/18,Initial,0,JA-9,2,JA-9-2,750-F,F,2,Self,Tank18,1,2,1,1,Ambient,1,Multiple,
8/22/18,S1D3,3,JA-9,2,JA-9-2,750-F,F,2,Self,Tank18,1,3,1,1,Ambient,1,Multiple,
8/30/18,S2R1,11,JA-9,2,JA-9-2,750-F,F,2,Self,Tank17,1,4,1,1,Ambient,1,Multiple,
9/5/18,S2D2,17,JA-9,2,JA-9-2,750-F,F,2,Self,Tank18,1,4,1,1,Ambient,1,Multiple,
9/11/18,S2D8,23,JA-9,2,JA-9-2,750-F,F,2,Self,Tank17,1,6,1,1,Ambient,1,Multiple,
9/14/18,S2D11,26,JA-9,2,JA-9-2,750-F,F,2,Self,Tank18,1,6,1,1,Ambient,1,Multiple,
9/20/18,End,32,JA-9,2,JA-9-2,750-F,F,2,Self,Tank18,1,6,1,1,Ambient,1,Multiple,
8/14/18,Initial,0,JN-1,1,JN-1-1,813-25,25,2,Non-Self,Tank23,1,3,1,1,Ambient,2,Multiple,
8/14/18,Initial,0,JN-1,2,JN-1-2,831-47,47,2,Non-Self,Tank23,1,5,1,1,Ambient,2,Multiple,
8/14/18,Initial,0,JN-14,1,JN-14-1,742-F,F,2,Non-Self,Tank17,1,4,1,1,Ambient,2,Multiple,
8/22/18,S1D3,3,JN-14,1,JN-14-1,742-F,F,2,Non-Self,Tank17,1,4,1,1,Ambient,2,Multiple,
8/30/18,S2R1,11,JN-14,1,JN-14-1,742-F,F,2,Non-Self,Tank18,1,4,1,1,Ambient,2,Multiple,
9/5/18,S2D2,17,JN-14,1,JN-14-1,742-F,F,2,Non-Self,Tank21,1,4,1,1,Ambient,2,Multiple,
9/11/18,S2D8,23,JN-14,1,JN-14-1,742-F,F,2,Non-Self,Tank18,1,4,1,1,Ambient,2,Multiple,
9/14/18,S2D11,26,JN-14,1,JN-14-1,742-F,F,2,Non-Self,Tank17,1,4,1,1,Ambient,2,Multiple,
9/20/18,End,32,JN-14,1,JN-14-1,742-F,F,2,Non-Self,Tank17,1,5,1,1,Ambient,2,Multiple,
8/14/18,Initial,0,JN-14,2,JN-14-2,801-47,47,2,Non-Self,Tank17,1,4,1,1,Ambient,2,Multiple,
8/22/18,S1D3,3,JN-14,2,JN-14-2,801-47,47,2,Non-Self,Tank17,1,5,1,1,Ambient,2,Multiple,
8/30/18,S2R1,11,JN-14,2,JN-14-2,801-47,47,2,Non-Self,Tank18,1,5,1,1,Ambient,2,Multiple,
9/5/18,S2D2,17,JN-14,2,JN-14-2,801-47,47,2,Non-Self,Tank21,1,5,1,1,Ambient,2,Multiple,
9/11/18,S2D8,23,JN-14,2,JN-14-2,801-47,47,2,Non-Self,Tank18,1,5,1,1,Ambient,2,Multiple,
9/14/18,S2D11,26,JN-14,2,JN-14-2,801-47,47,2,Non-Self,Tank17,1,4,1,1,Ambient,2,Multiple,
9/20/18,End,32,JN-14,2,JN-14-2,801-47,47,2,Non-Self,Tank17,1,6,1,1,Ambient,2,Multiple,
8/14/18,Initial,0,JN-22,1,JN-22-1,815-25,25,2,Non-Self,Tank23,1,2,1,1,Ambient,2,Multiple,
8/22/18,S1D3,3,JN-22,1,JN-22-1,815-25,25,2,Non-Self,Tank23,1,2,1,1,Ambient,2,Multiple,
8/30/18,S2R1,11,JN-22,1,JN-22-1,815-25,25,2,Non-Self,Tank21,1,2,1,1,Ambient,2,Multiple,
9/5/18,S2D2,17,JN-22,1,JN-22-1,815-25,25,2,Non-Self,Tank23,1,2,1,1,Ambient,2,Multiple,
9/11/18,S2D8,23,JN-22,1,JN-22-1,815-25,25,2,Non-Self,Tank21,1,2,1,1,Ambient,2,Multiple,
9/14/18,S2D11,26,JN-22,1,JN-22-1,815-25,25,2,Non-Self,Tank23,1,3,1,1,Ambient,2,Multiple,
8/14/18,Initial,0,JN-22,2,JN-22-2,807-42,42,2,Non-Self,Tank23,1,6,1,1,Ambient,2,Multiple,
8/22/18,S1D3,3,JN-22,2,JN-22-2,807-42,42,2,Non-Self,Tank23,1,6,1,1,Ambient,2,Multiple,
8/30/18,S2R1,11,JN-22,2,JN-22-2,807-42,42,2,Non-Self,Tank21,1,6,1,1,Ambient,2,Multiple,
9/5/18,S2D2,17,JN-22,2,JN-22-2,807-42,42,2,Non-Self,Tank23,1,6,1,1,Ambient,2,Multiple,
9/11/18,S2D8,23,JN-22,2,JN-22-2,807-42,42,2,Non-Self,Tank21,1,6,1,1,Ambient,2,Multiple,
9/14/18,S2D11,26,JN-22,2,JN-22-2,807-42,42,2,Non-Self,Tank23,1,6,1,1,Ambient,2,Multiple,
8/14/18,Initial,0,JN-24,1,JN-24-1,823-1,1,2,Non-Self,Tank21,1,7,1,1,Ambient,2,Multiple,
8/22/18,S1D3,3,JN-24,1,JN-24-1,823-1,1,2,Non-Self,Tank21,1,7,1,1,Ambient,2,Multiple,
8/30/18,S2R1,11,JN-24,1,JN-24-1,823-1,1,2,Non-Self,Tank23,1,7,1,1,Ambient,2,Multiple,
9/5/18,S2D2,17,JN-24,1,JN-24-1,823-1,1,2,Non-Self,Tank17,1,7,1,1,Ambient,2,Multiple,
9/11/18,S2D8,23,JN-24,1,JN-24-1,823-1,1,2,Non-Self,Tank23,1,7,1,1,Ambient,2,Multiple,
9/14/18,S2D11,26,JN-24,1,JN-24-1,823-1,1,2,Non-Self,Tank21,1,7,1,1,Ambient,2,Multiple,
9/20/18,End,32,JN-24,1,JN-24-1,823-1,1,2,Non-Self,Tank21,1,8,1,1,Ambient,2,Multiple,
8/14/18,Initial,0,JN-24,2,JN-24-2,801-47,47,2,Non-Self,Tank21,1,4,1,1,Ambient,2,Multiple,
8/22/18,S1D3,3,JN-24,2,JN-24-2,801-47,47,2,Non-Self,Tank21,1,4,1,1,Ambient,2,Multiple,
8/30/18,S2R1,11,JN-24,2,JN-24-2,801-47,47,2,Non-Self,Tank23,1,4,1,1,Ambient,2,Multiple,
9/5/18,S2D2,17,JN-24,2,JN-24-2,801-47,47,2,Non-Self,Tank17,1,4,1,1,Ambient,2,Multiple,
9/11/18,S2D8,23,JN-24,2,JN-24-2,801-47,47,2,Non-Self,Tank23,1,5,1,1,Ambient,2,Multiple,
9/14/18,S2D11,26,JN-24,2,JN-24-2,801-47,47,2,Non-Self,Tank21,1,4,1,1,Ambient,2,Multiple,
9/20/18,End,32,JN-24,2,JN-24-2,801-47,47,2,Non-Self,Tank21,1,3,1,1,Ambient,2,Multiple,
8/14/18,Initial,0,JN-27,1,JN-27-1,821-47,47,2,Non-Self,Tank23,1,4,1,1,Ambient,2,Multiple,
8/22/18,S1D3,3,JN-27,1,JN-27-1,821-47,47,2,Non-Self,Tank23,1,5,1,1,Ambient,2,Multiple,
8/30/18,S2R1,11,JN-27,1,JN-27-1,821-47,47,2,Non-Self,Tank21,1,4,1,1,Ambient,2,Multiple,
9/5/18,S2D2,17,JN-27,1,JN-27-1,821-47,47,2,Non-Self,Tank23,1,5,1,1,Ambient,2,Multiple,
9/20/18,End,32,JN-27,1,JN-27-1,821-47,47,2,Non-Self,Tank23,1,7,1,1,Ambient,2,Multiple,
8/14/18,Initial,0,JN-27,2,JN-27-2,806-42,42,2,Non-Self,Tank23,1,3,1,1,Ambient,2,Multiple,
8/22/18,S1D3,3,JN-27,2,JN-27-2,806-42,42,2,Non-Self,Tank23,1,3,1,1,Ambient,2,Multiple,
8/30/18,S2R1,11,JN-27,2,JN-27-2,806-42,42,2,Non-Self,Tank21,1,4,1,1,Ambient,2,Multiple,
9/5/18,S2D2,17,JN-27,2,JN-27-2,806-42,42,2,Non-Self,Tank23,1,4,1,1,Ambient,2,Multiple,
9/11/18,S2D8,23,JN-27,2,JN-27-2,806-42,42,2,Non-Self,Tank21,1,5,1,1,Ambient,2,Multiple,
9/14/18,S2D11,26,JN-27,2,JN-27-2,806-42,42,2,Non-Self,Tank23,0,NA,1,1,Ambient,2,Multiple,
9/20/18,End,32,JN-27,2,JN-27-2,806-42,42,2,Non-Self,Tank23,0,NA,1,1,Ambient,2,Multiple,
8/14/18,Initial,0,JA-28,1,JA-28-1,742-F,F,3,Self,Tank21,1,2,2,1,Ambient,1,Multiple,
8/22/18,S1D3,3,JA-28,1,JA-28-1,742-F,F,3,Self,Tank21,1,4,2,1,Ambient,1,Multiple,
8/30/18,S2R1,11,JA-28,1,JA-28-1,742-F,F,3,Self,Tank23,1,4,2,1,Ambient,1,Multiple,
9/5/18,S2D2,17,JA-28,1,JA-28-1,742-F,F,3,Self,Tank17,1,4,2,1,Ambient,1,Multiple,
9/11/18,S2D8,23,JA-28,1,JA-28-1,742-F,F,3,Self,Tank23,1,5,2,1,Ambient,1,Multiple,
9/14/18,S2D11,26,JA-28,1,JA-28-1,742-F,F,3,Self,Tank21,0,NA,2,1,Ambient,1,Multiple,
9/20/18,End,32,JA-28,1,JA-28-1,742-F,F,3,Self,Tank21,0,NA,2,1,Ambient,1,Multiple,
8/14/18,Initial,0,JA-28,2,JA-28-2,742-F,F,3,Self,Tank21,1,2,2,1,Ambient,1,Multiple,
8/22/18,S1D3,3,JA-28,2,JA-28-2,742-F,F,3,Self,Tank21,1,4,2,1,Ambient,1,Multiple,
8/30/18,S2R1,11,JA-28,2,JA-28-2,742-F,F,3,Self,Tank23,1,4,2,1,Ambient,1,Multiple,
9/5/18,S2D2,17,JA-28,2,JA-28-2,742-F,F,3,Self,Tank17,1,4,2,1,Ambient,1,Multiple,
9/11/18,S2D8,23,JA-28,2,JA-28-2,742-F,F,3,Self,Tank23,1,5,2,1,Ambient,1,Multiple,
9/14/18,S2D11,26,JA-28,2,JA-28-2,742-F,F,3,Self,Tank21,1,5,2,1,Ambient,1,Multiple,
9/20/18,End,32,JA-28,2,JA-28-2,742-F,F,3,Self,Tank21,0,5,2,1,Ambient,1,Multiple,
8/14/18,Initial,0,JA-28,3,JA-28-3,742-F,F,3,Self,Tank21,1,2,2,1,Ambient,1,Multiple,
8/22/18,S1D3,3,JA-28,3,JA-28-3,742-F,F,3,Self,Tank21,1,2,2,1,Ambient,1,Multiple,
8/30/18,S2R1,11,JA-28,3,JA-28-3,742-F,F,3,Self,Tank23,1,2,2,1,Ambient,1,Multiple,
9/5/18,S2D2,17,JA-28,3,JA-28-3,742-F,F,3,Self,Tank17,1,2,2,1,Ambient,1,Multiple,
9/11/18,S2D8,23,JA-28,3,JA-28-3,742-F,F,3,Self,Tank23,1,2,2,1,Ambient,1,Multiple,
9/14/18,S2D11,26,JA-28,3,JA-28-3,742-F,F,3,Self,Tank21,1,3,2,1,Ambient,1,Multiple,
9/20/18,End,32,JA-28,3,JA-28-3,742-F,F,3,Self,Tank21,1,3,2,1,Ambient,1,Multiple,
8/14/18,Initial,0,JA-29,1,JA-29-1,742-F,F,3,Self,Tank18,1,3,2,1,Ambient,1,Multiple,
8/22/18,S1D3,3,JA-29,1,JA-29-1,742-F,F,3,Self,Tank18,1,3,2,1,Ambient,1,Multiple,
8/30/18,S2R1,11,JA-29,1,JA-29-1,742-F,F,3,Self,Tank17,1,3,2,1,Ambient,1,Multiple,
9/5/18,S2D2,17,JA-29,1,JA-29-1,742-F,F,3,Self,Tank18,1,3,2,1,Ambient,1,Multiple,
9/11/18,S2D8,23,JA-29,1,JA-29-1,742-F,F,3,Self,Tank17,1,3,2,1,Ambient,1,Multiple,
9/14/18,S2D11,26,JA-29,1,JA-29-1,742-F,F,3,Self,Tank18,1,4,2,1,Ambient,1,Multiple,
9/20/18,End,32,JA-29,1,JA-29-1,742-F,F,3,Self,Tank18,1,5,2,1,Ambient,1,Multiple,
8/14/18,Initial,0,JA-29,2,JA-29-2,742-F,F,3,Self,Tank18,1,3,2,1,Ambient,1,Multiple,
8/22/18,S1D3,3,JA-29,2,JA-29-2,742-F,F,3,Self,Tank18,1,4,2,1,Ambient,1,Multiple,
8/30/18,S2R1,11,JA-29,2,JA-29-2,742-F,F,3,Self,Tank17,1,4,2,1,Ambient,1,Multiple,
9/5/18,S2D2,17,JA-29,2,JA-29-2,742-F,F,3,Self,Tank18,1,4,2,1,Ambient,1,Multiple,
9/11/18,S2D8,23,JA-29,2,JA-29-2,742-F,F,3,Self,Tank17,1,4,2,1,Ambient,1,Multiple,
9/14/18,S2D11,26,JA-29,2,JA-29-2,742-F,F,3,Self,Tank18,1,5,2,1,Ambient,1,Multiple,
9/20/18,End,32,JA-29,2,JA-29-2,742-F,F,3,Self,Tank18,1,5,2,1,Ambient,1,Multiple,
8/14/18,Initial,0,JA-29,3,JA-29-3,742-F,F,3,Self,Tank18,1,3,2,1,Ambient,1,Multiple,
8/22/18,S1D3,3,JA-29,3,JA-29-3,742-F,F,3,Self,Tank18,1,3,2,1,Ambient,1,Multiple,
8/30/18,S2R1,11,JA-29,3,JA-29-3,742-F,F,3,Self,Tank17,1,3,2,1,Ambient,1,Multiple,
9/5/18,S2D2,17,JA-29,3,JA-29-3,742-F,F,3,Self,Tank18,1,3,2,1,Ambient,1,Multiple,
9/11/18,S2D8,23,JA-29,3,JA-29-3,742-F,F,3,Self,Tank17,1,5,2,1,Ambient,1,Multiple,
9/14/18,S2D11,26,JA-29,3,JA-29-3,742-F,F,3,Self,Tank18,1,5,2,1,Ambient,1,Multiple,
9/20/18,End,32,JA-29,3,JA-29-3,742-F,F,3,Self,Tank18,1,5,2,1,Ambient,1,Multiple,
8/14/18,Initial,0,JN-18,1,JN-18-1,815-25,25,3,Non-Self,Tank23,1,1,2,1,Ambient,3,Multiple,
8/22/18,S1D3,3,JN-18,1,JN-18-1,815-25,25,3,Non-Self,Tank23,1,1,2,1,Ambient,3,Multiple,
8/30/18,S2R1,11,JN-18,1,JN-18-1,815-25,25,3,Non-Self,Tank21,1,1,2,1,Ambient,3,Multiple,
9/5/18,S2D2,17,JN-18,1,JN-18-1,815-25,25,3,Non-Self,Tank23,1,1,2,1,Ambient,3,Multiple,
9/11/18,S2D8,23,JN-18,1,JN-18-1,815-25,25,3,Non-Self,Tank21,1,1,2,1,Ambient,3,Multiple,
9/14/18,S2D11,26,JN-18,1,JN-18-1,815-25,25,3,Non-Self,Tank23,1,1,2,1,Ambient,3,Multiple,
9/20/18,End,32,JN-18,1,JN-18-1,815-25,25,3,Non-Self,Tank23,1,1,2,1,Ambient,3,Multiple,
8/14/18,Initial,0,JN-18,2,JN-18-2,802-42,42,3,Non-Self,Tank23,1,3,2,1,Ambient,3,Multiple,
8/22/18,S1D3,3,JN-18,2,JN-18-2,802-42,42,3,Non-Self,Tank23,1,3,2,1,Ambient,3,Multiple,
8/30/18,S2R1,11,JN-18,2,JN-18-2,802-42,42,3,Non-Self,Tank21,1,3,2,1,Ambient,3,Multiple,
9/5/18,S2D2,17,JN-18,2,JN-18-2,802-42,42,3,Non-Self,Tank23,1,4,2,1,Ambient,3,Multiple,
9/11/18,S2D8,23,JN-18,2,JN-18-2,802-42,42,3,Non-Self,Tank21,1,6,2,1,Ambient,3,Multiple,
9/14/18,S2D11,26,JN-18,2,JN-18-2,802-42,42,3,Non-Self,Tank23,1,5,2,1,Ambient,3,Multiple,
9/20/18,End,32,JN-18,2,JN-18-2,802-42,42,3,Non-Self,Tank23,1,6,2,1,Ambient,3,Multiple,
8/14/18,Initial,0,JN-18,3,JN-18-3,807-42,42,3,Non-Self,Tank23,1,6,2,1,Ambient,3,Multiple,
8/22/18,S1D3,3,JN-18,3,JN-18-3,807-42,42,3,Non-Self,Tank23,1,7,2,1,Ambient,3,Multiple,
8/30/18,S2R1,11,JN-18,3,JN-18-3,807-42,42,3,Non-Self,Tank21,1,8,2,1,Ambient,3,Multiple,
9/5/18,S2D2,17,JN-18,3,JN-18-3,807-42,42,3,Non-Self,Tank23,1,8,2,1,Ambient,3,Multiple,
9/11/18,S2D8,23,JN-18,3,JN-18-3,807-42,42,3,Non-Self,Tank21,1,8,2,1,Ambient,3,Multiple,
9/14/18,S2D11,26,JN-18,3,JN-18-3,807-42,42,3,Non-Self,Tank23,1,8,2,1,Ambient,3,Multiple,
9/20/18,End,32,JN-18,3,JN-18-3,807-42,42,3,Non-Self,Tank23,1,8,2,1,Ambient,3,Multiple,
8/14/18,Initial,0,AN-2,1,AN-2-1,806-42,42,4,Non-Self,Tank23,1,3,3,1,Ambient,4,Multiple,
8/22/18,S1D3,3,AN-2,1,AN-2-1,806-42,42,4,Non-Self,Tank23,1,4,3,1,Ambient,4,Multiple,
8/30/18,S2R1,11,AN-2,1,AN-2-1,806-42,42,4,Non-Self,Tank21,1,4,3,1,Ambient,4,Multiple,
9/5/18,S2D2,17,AN-2,1,AN-2-1,806-42,42,4,Non-Self,Tank23,1,4,3,1,Ambient,4,Multiple,
9/11/18,S2D8,23,AN-2,1,AN-2-1,806-42,42,4,Non-Self,Tank21,1,4,3,1,Ambient,4,Multiple,
9/14/18,S2D11,26,AN-2,1,AN-2-1,806-42,42,4,Non-Self,Tank23,1,4,3,1,Ambient,4,Multiple,
9/20/18,End,32,AN-2,1,AN-2-1,806-42,42,4,Non-Self,Tank23,0,NA,3,1,Ambient,4,Multiple,
8/14/18,Initial,0,AN-2,2,AN-2-2,743-13,13,4,Non-Self,Tank23,1,2,3,1,Ambient,4,Multiple,
8/22/18,S1D3,3,AN-2,2,AN-2-2,743-13,13,4,Non-Self,Tank23,1,5,3,1,Ambient,4,Multiple,
8/30/18,S2R1,11,AN-2,2,AN-2-2,743-13,13,4,Non-Self,Tank21,1,5,3,1,Ambient,4,Multiple,
9/5/18,S2D2,17,AN-2,2,AN-2-2,743-13,13,4,Non-Self,Tank23,1,5,3,1,Ambient,4,Multiple,
9/11/18,S2D8,23,AN-2,2,AN-2-2,743-13,13,4,Non-Self,Tank21,1,6,3,1,Ambient,4,Multiple,
9/14/18,S2D11,26,AN-2,2,AN-2-2,743-13,13,4,Non-Self,Tank23,1,6,3,1,Ambient,4,Multiple,
9/20/18,End,32,AN-2,2,AN-2-2,743-13,13,4,Non-Self,Tank23,1,6,3,1,Ambient,4,Multiple,
8/14/18,Initial,0,AN-2,3,AN-2-3,744-1,1,4,Non-Self,Tank23,1,2,3,1,Ambient,4,Multiple,
8/22/18,S1D3,3,AN-2,3,AN-2-3,744-1,1,4,Non-Self,Tank23,1,2,3,1,Ambient,4,Multiple,
8/30/18,S2R1,11,AN-2,3,AN-2-3,744-1,1,4,Non-Self,Tank21,1,2,3,1,Ambient,4,Multiple,
9/5/18,S2D2,17,AN-2,3,AN-2-3,744-1,1,4,Non-Self,Tank23,1,1,3,1,Ambient,4,Multiple,
9/11/18,S2D8,23,AN-2,3,AN-2-3,744-1,1,4,Non-Self,Tank21,1,2,3,1,Ambient,4,Multiple,
9/14/18,S2D11,26,AN-2,3,AN-2-3,744-1,1,4,Non-Self,Tank23,1,1,3,1,Ambient,4,Multiple,
9/20/18,End,32,AN-2,3,AN-2-3,744-1,1,4,Non-Self,Tank23,1,1,3,1,Ambient,4,Multiple,
8/14/18,Initial,0,AN-2,4,AN-2-4,802-42,42,4,Non-Self,Tank23,1,1,3,1,Ambient,4,Multiple,
8/22/18,S1D3,3,AN-2,4,AN-2-4,802-42,42,4,Non-Self,Tank23,1,4,3,1,Ambient,4,Multiple,
8/30/18,S2R1,11,AN-2,4,AN-2-4,802-42,42,4,Non-Self,Tank21,1,4,3,1,Ambient,4,Multiple,
9/5/18,S2D2,17,AN-2,4,AN-2-4,802-42,42,4,Non-Self,Tank23,1,4,3,1,Ambient,4,Multiple,
9/11/18,S2D8,23,AN-2,4,AN-2-4,802-42,42,4,Non-Self,Tank21,1,4,3,1,Ambient,4,Multiple,
9/14/18,S2D11,26,AN-2,4,AN-2-4,802-42,42,4,Non-Self,Tank23,0,NA,3,1,Ambient,4,Multiple,
9/20/18,End,32,AN-2,4,AN-2-4,802-42,42,4,Non-Self,Tank23,0,NA,3,1,Ambient,4,Multiple,
8/22/18,S1D3,3,JN-10,1,JN-10-1,742-F,F,4,Non-Self,Tank21,1,4,3,1,Ambient,4,Multiple,
8/30/18,S2R1,11,JN-10,1,JN-10-1,742-F,F,4,Non-Self,Tank23,1,4,3,1,Ambient,4,Multiple,
9/5/18,S2D2,17,JN-10,1,JN-10-1,742-F,F,4,Non-Self,Tank17,1,4,3,1,Ambient,4,Multiple,
9/11/18,S2D8,23,JN-10,1,JN-10-1,742-F,F,4,Non-Self,Tank23,1,6,3,1,Ambient,4,Multiple,
9/14/18,S2D11,26,JN-10,1,JN-10-1,742-F,F,4,Non-Self,Tank21,1,6,3,1,Ambient,4,Multiple,
9/20/18,End,32,JN-10,1,JN-10-1,742-F,F,4,Non-Self,Tank21,1,6,3,1,Ambient,4,Multiple,
8/22/18,S1D3,3,JN-10,2,JN-10-2,801-47,47,4,Non-Self,Tank21,1,5,3,1,Ambient,4,Multiple,
8/30/18,S2R1,11,JN-10,2,JN-10-2,801-47,47,4,Non-Self,Tank23,1,5,3,1,Ambient,4,Multiple,
9/5/18,S2D2,17,JN-10,2,JN-10-2,801-47,47,4,Non-Self,Tank17,1,5,3,1,Ambient,4,Multiple,
9/11/18,S2D8,23,JN-10,2,JN-10-2,801-47,47,4,Non-Self,Tank23,1,5,3,1,Ambient,4,Multiple,
9/14/18,S2D11,26,JN-10,2,JN-10-2,801-47,47,4,Non-Self,Tank21,1,6,3,1,Ambient,4,Multiple,
9/20/18,End,32,JN-10,2,JN-10-2,801-47,47,4,Non-Self,Tank21,1,6,3,1,Ambient,4,Multiple,
8/22/18,S1D3,3,JN-10,3,JN-10-3,824-1,1,4,Non-Self,Tank21,1,7,3,1,Ambient,4,Multiple,
8/30/18,S2R1,11,JN-10,3,JN-10-3,824-1,1,4,Non-Self,Tank23,1,7,3,1,Ambient,4,Multiple,
9/5/18,S2D2,17,JN-10,3,JN-10-3,824-1,1,4,Non-Self,Tank17,1,7,3,1,Ambient,4,Multiple,
9/11/18,S2D8,23,JN-10,3,JN-10-3,824-1,1,4,Non-Self,Tank23,1,7,3,1,Ambient,4,Multiple,
9/14/18,S2D11,26,JN-10,3,JN-10-3,824-1,1,4,Non-Self,Tank21,1,7,3,1,Ambient,4,Multiple,
9/20/18,End,32,JN-10,3,JN-10-3,824-1,1,4,Non-Self,Tank21,1,8,3,1,Ambient,4,Multiple,
8/22/18,S1D3,3,JN-10,4,JN-10-4,821-47,47,4,Non-Self,Tank21,1,5,3,1,Ambient,4,Multiple,
8/30/18,S2R1,11,JN-10,4,JN-10-4,821-47,47,4,Non-Self,Tank23,1,4,3,1,Ambient,4,Multiple,
9/5/18,S2D2,17,JN-10,4,JN-10-4,821-47,47,4,Non-Self,Tank17,1,5,3,1,Ambient,4,Multiple,
9/11/18,S2D8,23,JN-10,4,JN-10-4,821-47,47,4,Non-Self,Tank23,1,6,3,1,Ambient,4,Multiple,
9/14/18,S2D11,26,JN-10,4,JN-10-4,821-47,47,4,Non-Self,Tank21,1,6,3,1,Ambient,4,Multiple,
9/20/18,End,32,JN-10,4,JN-10-4,821-47,47,4,Non-Self,Tank21,1,5,3,1,Ambient,4,Multiple,
8/14/18,Initial,0,JN-12,1,JN-12-1,824-1,1,4,Non-Self,Tank23,1,6,3,1,Ambient,4,Multiple,
8/22/18,S1D3,3,JN-12,1,JN-12-1,824-1,1,4,Non-Self,Tank23,1,6,3,1,Ambient,4,Multiple,
8/30/18,S2R1,11,JN-12,1,JN-12-1,824-1,1,4,Non-Self,Tank21,1,6,3,1,Ambient,4,Multiple,
9/5/18,S2D2,17,JN-12,1,JN-12-1,824-1,1,4,Non-Self,Tank23,1,6,3,1,Ambient,4,Multiple,
9/11/18,S2D8,23,JN-12,1,JN-12-1,824-1,1,4,Non-Self,Tank21,1,6,3,1,Ambient,4,Multiple,
9/14/18,S2D11,26,JN-12,1,JN-12-1,824-1,1,4,Non-Self,Tank23,1,6,3,1,Ambient,4,Multiple,
9/20/18,End,32,JN-12,1,JN-12-1,824-1,1,4,Non-Self,Tank23,1,7,3,1,Ambient,4,Multiple,
8/14/18,Initial,0,JN-12,2,JN-12-2,821-47,47,4,Non-Self,Tank23,1,4,3,1,Ambient,4,Multiple,
8/22/18,S1D3,3,JN-12,2,JN-12-2,821-47,47,4,Non-Self,Tank23,1,5,3,1,Ambient,4,Multiple,
8/30/18,S2R1,11,JN-12,2,JN-12-2,821-47,47,4,Non-Self,Tank21,1,5,3,1,Ambient,4,Multiple,
9/5/18,S2D2,17,JN-12,2,JN-12-2,821-47,47,4,Non-Self,Tank23,1,5,3,1,Ambient,4,Multiple,
9/11/18,S2D8,23,JN-12,2,JN-12-2,821-47,47,4,Non-Self,Tank21,1,7,3,1,Ambient,4,Multiple,
9/14/18,S2D11,26,JN-12,2,JN-12-2,821-47,47,4,Non-Self,Tank23,1,6,3,1,Ambient,4,Multiple,
9/20/18,End,32,JN-12,2,JN-12-2,821-47,47,4,Non-Self,Tank23,1,6,3,1,Ambient,4,Multiple,
8/14/18,Initial,0,JN-12,3,JN-12-3,742-F,F,4,Non-Self,Tank23,1,4,3,1,Ambient,4,Multiple,
8/22/18,S1D3,3,JN-12,3,JN-12-3,742-F,F,4,Non-Self,Tank23,1,3,3,1,Ambient,4,Multiple,
8/30/18,S2R1,11,JN-12,3,JN-12-3,742-F,F,4,Non-Self,Tank21,1,3,3,1,Ambient,4,Multiple,
9/5/18,S2D2,17,JN-12,3,JN-12-3,742-F,F,4,Non-Self,Tank23,1,3,3,1,Ambient,4,Multiple,
9/11/18,S2D8,23,JN-12,3,JN-12-3,742-F,F,4,Non-Self,Tank21,1,4,3,1,Ambient,4,Multiple,
9/14/18,S2D11,26,JN-12,3,JN-12-3,742-F,F,4,Non-Self,Tank23,1,4,3,1,Ambient,4,Multiple,
9/20/18,End,32,JN-12,3,JN-12-3,742-F,F,4,Non-Self,Tank23,1,5,3,1,Ambient,4,Multiple,
8/14/18,Initial,0,JN-12,4,JN-12-4,801-47,47,4,Non-Self,Tank23,1,3,3,1,Ambient,4,Multiple, 
8/22/18,S1D3,3,JN-12,4,JN-12-4,801-47,47,4,Non-Self,Tank23,1,3,3,1,Ambient,4,Multiple,
8/30/18,S2R1,11,JN-12,4,JN-12-4,801-47,47,4,Non-Self,Tank21,1,3,3,1,Ambient,4,Multiple,
9/5/18,S2D2,17,JN-12,4,JN-12-4,801-47,47,4,Non-Self,Tank23,1,3,3,1,Ambient,4,Multiple,
9/11/18,S2D8,23,JN-12,4,JN-12-4,801-47,47,4,Non-Self,Tank21,1,3,3,1,Ambient,4,Multiple,
9/14/18,S2D11,26,JN-12,4,JN-12-4,801-47,47,4,Non-Self,Tank23,1,3,3,1,Ambient,4,Multiple,
9/20/18,End,32,JN-12,4,JN-12-4,801-47,47,4,Non-Self,Tank23,1,3,3,1,Ambient,4,Multiple,
8/14/18,Initial,0,AN-5,1,AN-5-1,806-42,42,2,Non-Self,Tank20,1,1,0,0,High,2,Multiple,
8/22/18,S1D3,3,AN-5,1,AN-5-1,806-42,42,2,Non-Self,Tank20,1,1,0,0,High,2,Multiple,
8/30/18,S2R1,11,AN-5,1,AN-5-1,806-42,42,2,Non-Self,Tank22,1,2,0,0,High,2,Multiple,
9/5/18,S2D2,17,AN-5,1,AN-5-1,806-42,42,2,Non-Self,Tank19,1,1,0,0,High,2,Multiple,
9/11/18,S2D8,23,AN-5,1,AN-5-1,806-42,42,2,Non-Self,Tank22,1,1,0,0,High,2,Multiple,
9/14/18,S2D11,26,AN-5,1,AN-5-1,806-42,42,2,Non-Self,Tank24,1,1,0,0,High,2,Multiple,
9/20/18,End,32,AN-5,1,AN-5-1,806-42,42,2,Non-Self,Tank24,0,NA,0,0,High,2,Multiple,
8/14/18,Initial,0,AN-5,2,AN-5-2,807-42,42,2,Non-Self,Tank20,1,2,0,0,High,2,Multiple,
8/22/18,S1D3,3,AN-5,2,AN-5-2,807-42,42,2,Non-Self,Tank20,1,3,0,0,High,2,Multiple,
8/30/18,S2R1,11,AN-5,2,AN-5-2,807-42,42,2,Non-Self,Tank22,1,3,0,0,High,2,Multiple,
9/5/18,S2D2,17,AN-5,2,AN-5-2,807-42,42,2,Non-Self,Tank19,1,3,0,0,High,2,Multiple,
9/11/18,S2D8,23,AN-5,2,AN-5-2,807-42,42,2,Non-Self,Tank22,1,3,0,0,High,2,Multiple,
9/14/18,S2D11,26,AN-5,2,AN-5-2,807-42,42,2,Non-Self,Tank24,0,NA,0,0,High,2,Multiple,
9/20/18,End,32,AN-5,2,AN-5-2,807-42,42,2,Non-Self,Tank24,0,NA,0,0,High,2,Multiple,
9/14/18,S2D11,26,AN-6,3,AN-6-3,806-42,42,3,Non-Self,Tank19,1,1,0,0,High,3,Multiple,
9/20/18,End,32,AN-6,3,AN-6-3,806-42,42,3,Non-Self,Tank19,1,1,0,0,High,3,Multiple,
8/14/18,Initial,0,AS-1,1,AS-1-1,806-42,42,1,Individual,Tank19,1,3,0,NA,High,1,Individual,
8/22/18,S1D3,3,AS-1,1,AS-1-1,806-42,42,1,Individual,Tank19,1,5,0,NA,High,1,Individual,
8/30/18,S2R1,11,AS-1,1,AS-1-1,806-42,42,1,Individual,Tank20,0,NA,0,NA,High,1,Individual,
9/5/18,S2D2,17,AS-1,1,AS-1-1,806-42,42,1,Individual,Tank24,0,NA,0,NA,High,1,Individual,
9/11/18,S2D8,23,AS-1,1,AS-1-1,806-42,42,1,Individual,Tank20,0,NA,0,NA,High,1,Individual,
9/14/18,S2D11,26,AS-1,1,AS-1-1,806-42,42,1,Individual,Tank19,0,NA,0,NA,High,1,Individual,
9/20/18,End,32,AS-1,1,AS-1-1,806-42,42,1,Individual,Tank19,0,NA,0,NA,High,1,Individual,
8/14/18,Initial,0,AS-10,1,AS-10-1,806-42,42,1,Individual,Tank22,1,4,0,NA,High,1,Individual,
8/22/18,S1D3,3,AS-10,1,AS-10-1,806-42,42,1,Individual,Tank22,1,4,0,NA,High,1,Individual,
8/30/18,S2R1,11,AS-10,1,AS-10-1,806-42,42,1,Individual,Tank24,1,4,0,NA,High,1,Individual,
9/5/18,S2D2,17,AS-10,1,AS-10-1,806-42,42,1,Individual,Tank22,1,4,0,NA,High,1,Individual,
9/11/18,S2D8,23,AS-10,1,AS-10-1,806-42,42,1,Individual,Tank24,1,6,0,NA,High,1,Individual,
9/14/18,S2D11,26,AS-10,1,AS-10-1,806-42,42,1,Individual,Tank22,0,NA,0,NA,High,1,Individual,
9/20/18,End,32,AS-10,1,AS-10-1,806-42,42,1,Individual,Tank22,0,NA,0,NA,High,1,Individual,
8/14/18,Initial,0,AS-3,1,AS-3-1,744-1,1,1,Individual,Tank24,1,3,0,NA,High,1,Individual,
8/22/18,S1D3,3,AS-3,1,AS-3-1,744-1,1,1,Individual,Tank24,1,4,0,NA,High,1,Individual,
8/30/18,S2R1,11,AS-3,1,AS-3-1,744-1,1,1,Individual,Tank19,1,3,0,NA,High,1,Individual,
9/5/18,S2D2,17,AS-3,1,AS-3-1,744-1,1,1,Individual,Tank20,1,3,0,NA,High,1,Individual,
9/11/18,S2D8,23,AS-3,1,AS-3-1,744-1,1,1,Individual,Tank19,1,4,0,NA,High,1,Individual,
9/14/18,S2D11,26,AS-3,1,AS-3-1,744-1,1,1,Individual,Tank20,1,2,0,NA,High,1,Individual,
9/20/18,End,32,AS-3,1,AS-3-1,744-1,1,1,Individual,Tank20,0,NA,0,NA,High,1,Individual,
8/14/18,Initial,0,AS-5,1,AS-5-1,824-1,1,1,Individual,Tank20,1,4,0,NA,High,1,Individual,
8/22/18,S1D3,3,AS-5,1,AS-5-1,824-1,1,1,Individual,Tank20,1,4,0,NA,High,1,Individual,
8/30/18,S2R1,11,AS-5,1,AS-5-1,824-1,1,1,Individual,Tank22,1,4,0,NA,High,1,Individual,
9/5/18,S2D2,17,AS-5,1,AS-5-1,824-1,1,1,Individual,Tank19,1,4,0,NA,High,1,Individual,
9/11/18,S2D8,23,AS-5,1,AS-5-1,824-1,1,1,Individual,Tank22,0,NA,0,NA,High,1,Individual,
9/14/18,S2D11,26,AS-5,1,AS-5-1,824-1,1,1,Individual,Tank24,0,NA,0,NA,High,1,Individual,
9/20/18,End,32,AS-5,1,AS-5-1,824-1,1,1,Individual,Tank24,0,NA,0,NA,High,1,Individual,
8/14/18,Initial,0,AS-6,1,AS-6-1,807-42,42,1,Individual,Tank19,1,2,0,NA,High,1,Individual,
8/22/18,S1D3,3,AS-6,1,AS-6-1,807-42,42,1,Individual,Tank19,1,4,0,NA,High,1,Individual,
8/30/18,S2R1,11,AS-6,1,AS-6-1,807-42,42,1,Individual,Tank20,1,4,0,NA,High,1,Individual,
9/5/18,S2D2,17,AS-6,1,AS-6-1,807-42,42,1,Individual,Tank24,1,4,0,NA,High,1,Individual,
9/11/18,S2D8,23,AS-6,1,AS-6-1,807-42,42,1,Individual,Tank20,1,3,0,NA,High,1,Individual,
9/14/18,S2D11,26,AS-6,1,AS-6-1,807-42,42,1,Individual,Tank19,0,NA,0,NA,High,1,Individual,
9/20/18,End,32,AS-6,1,AS-6-1,807-42,42,1,Individual,Tank19,0,NA,0,NA,High,1,Individual,
9/11/18,S2D8,23,JA-17,1,JA-17-1,841-47,47,2,Self,Tank19,0,NA,0,0,High,1,Multiple,
9/14/18,S2D11,26,JA-17,1,JA-17-1,841-47,47,2,Self,Tank20,0,NA,0,0,High,1,Multiple,
9/20/18,End,32,JA-17,1,JA-17-1,841-47,47,2,Self,Tank20,0,NA,0,0,High,1,Multiple,
9/11/18,S2D8,23,JA-17,2,JA-17-2,841-47,47,2,Self,Tank19,1,3,0,0,High,1,Multiple,
9/14/18,S2D11,26,JA-17,2,JA-17-2,841-47,47,2,Self,Tank20,0,NA,0,0,High,1,Multiple,
9/20/18,End,32,JA-17,2,JA-17-2,841-47,47,2,Self,Tank20,0,NA,0,0,High,1,Multiple,
8/14/18,Initial,0,JA-22,4,JA-22-4,812-25,25,3,Self,Tank19,1,2,0,0,High,1,Multiple,
9/5/18,S2D2,17,JA-24,2,JA-24-2,801-47,47,3,Self,Tank19,1,5,0,0,High,1,Multiple,
9/11/18,S2D8,23,JA-24,2,JA-24-2,801-47,47,3,Self,Tank22,1,5,0,0,High,1,Multiple,
9/14/18,S2D11,26,JA-24,2,JA-24-2,801-47,47,3,Self,Tank24,0,NA,0,0,High,1,Multiple,
9/20/18,End,32,JA-24,2,JA-24-2,801-47,47,3,Self,Tank24,0,NA,0,0,High,1,Multiple,
8/14/18,Initial,0,JA-26,1,JA-26-1,742-F,F,1,Self,Tank24,1,3,0,0,High,1,Multiple,
8/22/18,S1D3,3,JA-26,1,JA-26-1,742-F,F,1,Self,Tank24,1,3,0,0,High,1,Multiple,
8/30/18,S2R1,11,JA-26,1,JA-26-1,742-F,F,1,Self,Tank19,1,3,0,0,High,1,Multiple,
9/5/18,S2D2,17,JA-26,1,JA-26-1,742-F,F,1,Self,Tank20,1,4,0,0,High,1,Multiple,
9/11/18,S2D8,23,JA-26,1,JA-26-1,742-F,F,1,Self,Tank19,1,3,0,0,High,1,Multiple,
9/14/18,S2D11,26,JA-26,1,JA-26-1,742-F,F,1,Self,Tank20,0,NA,0,0,High,1,Multiple,
9/20/18,End,32,JA-26,1,JA-26-1,742-F,F,1,Self,Tank20,0,NA,0,0,High,1,Multiple,
8/14/18,Initial,0,JA-59,1,JA-59-1,806-42,42,1,Self,Tank22,1,1,0,0,High,1,Multiple,
8/22/18,S1D3,3,JA-59,1,JA-59-1,806-42,42,1,Self,Tank22,1,1,0,0,High,1,Multiple,
8/30/18,S2R1,11,JA-59,1,JA-59-1,806-42,42,1,Self,Tank24,1,3,0,0,High,1,Multiple,
9/5/18,S2D2,17,JA-59,1,JA-59-1,806-42,42,1,Self,Tank22,1,4,0,0,High,1,Multiple,
9/11/18,S2D8,23,JA-59,1,JA-59-1,806-42,42,1,Self,Tank24,1,3,0,0,High,1,Multiple,
9/14/18,S2D11,26,JA-59,1,JA-59-1,806-42,42,1,Self,Tank22,0,NA,0,0,High,1,Multiple,
9/20/18,End,32,JA-59,1,JA-59-1,806-42,42,1,Self,Tank22,0,NA,0,0,High,1,Multiple,
8/14/18,Initial,0,JA-60,1,JA-60-1,806-42,42,2,Self,Tank19,1,2,0,0,High,1,Multiple,
8/22/18,S1D3,3,JA-60,1,JA-60-1,806-42,42,2,Self,Tank19,1,3,0,0,High,1,Multiple,
8/30/18,S2R1,11,JA-60,1,JA-60-1,806-42,42,2,Self,Tank20,1,3,0,0,High,1,Multiple,
9/5/18,S2D2,17,JA-60,1,JA-60-1,806-42,42,2,Self,Tank24,1,3,0,0,High,1,Multiple,
9/11/18,S2D8,23,JA-60,1,JA-60-1,806-42,42,2,Self,Tank20,0,NA,0,0,High,1,Multiple,
9/14/18,S2D11,26,JA-60,1,JA-60-1,806-42,42,2,Self,Tank19,0,NA,0,0,High,1,Multiple,
9/20/18,End,32,JA-60,1,JA-60-1,806-42,42,2,Self,Tank19,0,NA,0,0,High,1,Multiple,
8/14/18,Initial,0,JA-60,2,JA-60-2,806-42,42,2,Self,Tank19,1,3,0,0,High,1,Multiple,
8/22/18,S1D3,3,JA-60,2,JA-60-2,806-42,42,2,Self,Tank19,1,4,0,0,High,1,Multiple,
8/30/18,S2R1,11,JA-60,2,JA-60-2,806-42,42,2,Self,Tank20,1,4,0,0,High,1,Multiple,
9/5/18,S2D2,17,JA-60,2,JA-60-2,806-42,42,2,Self,Tank24,1,4,0,0,High,1,Multiple,
9/11/18,S2D8,23,JA-60,2,JA-60-2,806-42,42,2,Self,Tank20,1,3,0,0,High,1,Multiple,
9/14/18,S2D11,26,JA-60,2,JA-60-2,806-42,42,2,Self,Tank19,0,NA,0,0,High,1,Multiple,
9/20/18,End,32,JA-60,2,JA-60-2,806-42,42,2,Self,Tank19,0,NA,0,0,High,1,Multiple,
8/22/18,S1D3,3,JA-7,1,JA-7-1,803-42,42,2,Self,Tank20,1,4,0,0,High,1,Multiple,
8/30/18,S2R1,11,JA-7,1,JA-7-1,803-42,42,2,Self,Tank22,1,4,0,0,High,1,Multiple,
9/5/18,S2D2,17,JA-7,1,JA-7-1,803-42,42,2,Self,Tank19,1,4,0,0,High,1,Multiple,
9/11/18,S2D8,23,JA-7,1,JA-7-1,803-42,42,2,Self,Tank22,1,4,0,0,High,1,Multiple,
9/14/18,S2D11,26,JA-7,1,JA-7-1,803-42,42,2,Self,Tank24,1,3,0,0,High,1,Multiple,
9/20/18,End,32,JA-7,1,JA-7-1,803-42,42,2,Self,Tank24,0,NA,0,0,High,1,Multiple,
8/22/18,S1D3,3,JA-7,2,JA-7-2,803-42,42,2,Self,Tank20,0,NA,0,0,High,1,Multiple,
8/30/18,S2R1,11,JA-7,2,JA-7-2,803-42,42,2,Self,Tank22,0,NA,0,0,High,1,Multiple,
9/5/18,S2D2,17,JA-7,2,JA-7-2,803-42,42,2,Self,Tank19,0,NA,0,0,High,1,Multiple,
9/11/18,S2D8,23,JA-7,2,JA-7-2,803-42,42,2,Self,Tank22,0,NA,0,0,High,1,Multiple,
9/14/18,S2D11,26,JA-7,2,JA-7-2,803-42,42,2,Self,Tank24,0,NA,0,0,High,1,Multiple,
9/20/18,End,32,JA-7,2,JA-7-2,803-42,42,2,Self,Tank24,0,NA,0,0,High,1,Multiple,
8/14/18,Initial,0,JN-11,1,JN-11-1,821-47,47,4,Non-Self,Tank24,1,3,0,0,High,4,Multiple,
8/22/18,S1D3,3,JN-11,1,JN-11-1,821-47,47,4,Non-Self,Tank24,1,3,0,0,High,4,Multiple,
8/30/18,S2R1,11,JN-11,1,JN-11-1,821-47,47,4,Non-Self,Tank19,1,3,0,0,High,4,Multiple,
9/5/18,S2D2,17,JN-11,1,JN-11-1,821-47,47,4,Non-Self,Tank20,1,3,0,0,High,4,Multiple,
9/11/18,S2D8,23,JN-11,1,JN-11-1,821-47,47,4,Non-Self,Tank19,1,3,0,0,High,4,Multiple,
9/14/18,S2D11,26,JN-11,1,JN-11-1,821-47,47,4,Non-Self,Tank20,0,NA,0,0,High,4,Multiple,
9/20/18,End,32,JN-11,1,JN-11-1,821-47,47,4,Non-Self,Tank20,0,NA,0,0,High,4,Multiple,
9/5/18,S2D2,17,JN-11,2,JN-11-2,824-1,1,4,Non-Self,Tank20,1,4,0,0,High,4,Multiple,
9/11/18,S2D8,23,JN-11,2,JN-11-2,824-1,1,4,Non-Self,Tank19,1,4,0,0,High,4,Multiple,
9/14/18,S2D11,26,JN-11,2,JN-11-2,824-1,1,4,Non-Self,Tank20,0,NA,0,0,High,4,Multiple,
9/20/18,End,32,JN-11,2,JN-11-2,824-1,1,4,Non-Self,Tank20,0,NA,0,0,High,4,Multiple,
8/14/18,Initial,0,JN-11,3,JN-11-3,801-47,47,4,Non-Self,Tank24,1,5,0,0,High,4,Multiple,
8/22/18,S1D3,3,JN-11,3,JN-11-3,801-47,47,4,Non-Self,Tank24,1,5,0,0,High,4,Multiple,
8/30/18,S2R1,11,JN-11,3,JN-11-3,801-47,47,4,Non-Self,Tank19,1,5,0,0,High,4,Multiple,
9/5/18,S2D2,17,JN-11,3,JN-11-3,801-47,47,4,Non-Self,Tank20,1,5,0,0,High,4,Multiple,
9/11/18,S2D8,23,JN-11,3,JN-11-3,801-47,47,4,Non-Self,Tank19,1,3,0,0,High,4,Multiple,
9/14/18,S2D11,26,JN-11,3,JN-11-3,801-47,47,4,Non-Self,Tank20,0,NA,0,0,High,4,Multiple,
9/20/18,End,32,JN-11,3,JN-11-3,801-47,47,4,Non-Self,Tank20,0,NA,0,0,High,4,Multiple,
9/5/18,S2D2,17,JN-11,4,JN-11-4,742-F,F,4,Non-Self,Tank20,1,4,0,0,High,4,Multiple,
9/11/18,S2D8,23,JN-11,4,JN-11-4,742-F,F,4,Non-Self,Tank19,1,4,0,0,High,4,Multiple,
9/14/18,S2D11,26,JN-11,4,JN-11-4,742-F,F,4,Non-Self,Tank20,0,NA,0,0,High,4,Multiple,
9/20/18,End,32,JN-11,4,JN-11-4,742-F,F,4,Non-Self,Tank20,0,NA,0,0,High,4,Multiple,
8/22/18,S1D3,3,JN-13,3,JN-13-3,824-1,1,3,Non-Self,Tank20,1,5,0,0,High,3,Multiple,
8/30/18,S2R1,11,JN-13,3,JN-13-3,824-1,1,3,Non-Self,Tank22,1,5,0,0,High,3,Multiple,
9/5/18,S2D2,17,JN-13,3,JN-13-3,824-1,1,3,Non-Self,Tank19,1,5,0,0,High,3,Multiple,
9/11/18,S2D8,23,JN-13,3,JN-13-3,824-1,1,3,Non-Self,Tank22,1,4,0,0,High,3,Multiple,
9/14/18,S2D11,26,JN-13,3,JN-13-3,824-1,1,3,Non-Self,Tank24,0,NA,0,0,High,3,Multiple,
9/20/18,End,32,JN-13,3,JN-13-3,824-1,1,3,Non-Self,Tank24,0,NA,0,0,High,3,Multiple,
8/14/18,Initial,0,JN-15,1,JN-15-1,823-1,1,1,Non-Self,Tank20,1,6,0,0,High,1,Multiple,
8/22/18,S1D3,3,JN-15,1,JN-15-1,823-1,1,1,Non-Self,Tank20,1,6,0,0,High,1,Multiple,
8/30/18,S2R1,11,JN-15,1,JN-15-1,823-1,1,1,Non-Self,Tank22,1,7,0,0,High,1,Multiple,
9/5/18,S2D2,17,JN-15,1,JN-15-1,823-1,1,1,Non-Self,Tank19,1,6,0,0,High,1,Multiple,
9/11/18,S2D8,23,JN-15,1,JN-15-1,823-1,1,1,Non-Self,Tank22,1,7,0,0,High,1,Multiple,
9/14/18,S2D11,26,JN-15,1,JN-15-1,823-1,1,1,Non-Self,Tank24,0,NA,0,0,High,1,Multiple,
9/20/18,End,32,JN-15,1,JN-15-1,823-1,1,1,Non-Self,Tank24,0,NA,0,0,High,1,Multiple,
8/14/18,Initial,0,JN-19,1,JN-19-1,806-42,42,3,Non-Self,Tank22,1,1,0,0,High,3,Multiple,
8/22/18,S1D3,3,JN-19,1,JN-19-1,806-42,42,3,Non-Self,Tank22,1,2,0,0,High,3,Multiple,
8/30/18,S2R1,11,JN-19,1,JN-19-1,806-42,42,3,Non-Self,Tank24,1,2,0,0,High,3,Multiple,
9/5/18,S2D2,17,JN-19,1,JN-19-1,806-42,42,3,Non-Self,Tank22,1,2,0,0,High,3,Multiple,
9/11/18,S2D8,23,JN-19,1,JN-19-1,806-42,42,3,Non-Self,Tank24,1,2,0,0,High,3,Multiple,
9/14/18,S2D11,26,JN-19,1,JN-19-1,806-42,42,3,Non-Self,Tank22,0,NA,0,0,High,3,Multiple,
9/20/18,End,32,JN-19,1,JN-19-1,806-42,42,3,Non-Self,Tank22,0,NA,0,0,High,3,Multiple,
9/11/18,S2D8,23,JN-19,3,JN-19-3,815-25,25,3,Non-Self,Tank24,0,NA,0,0,High,3,Multiple,
9/14/18,S2D11,26,JN-19,3,JN-19-3,815-25,25,3,Non-Self,Tank22,0,NA,0,0,High,3,Multiple,
9/20/18,End,32,JN-19,3,JN-19-3,815-25,25,3,Non-Self,Tank22,0,NA,0,0,High,3,Multiple,
9/11/18,S2D8,23,JN-19,4,JN-19-4,807-42,42,3,Non-Self,Tank24,1,7,0,0,High,3,Multiple,
9/14/18,S2D11,26,JN-19,4,JN-19-4,807-42,42,3,Non-Self,Tank22,0,NA,0,0,High,3,Multiple,
9/11/18,S2D8,23,JN-20,1,JN-20-1,813-25,25,3,Non-Self,Tank22,1,8,0,0,High,3,Multiple,
9/14/18,S2D11,26,JN-20,1,JN-20-1,813-25,25,3,Non-Self,Tank24,1,1,0,0,High,3,Multiple,
9/20/18,End,32,JN-20,1,JN-20-1,813-25,25,3,Non-Self,Tank24,1,1,0,0,High,3,Multiple,
8/14/18,Initial,0,JN-20,4,JN-20-4,807-42,42,3,Non-Self,Tank20,1,5,0,0,High,3,Multiple,
8/22/18,S1D3,3,JN-20,4,JN-20-4,807-42,42,3,Non-Self,Tank20,1,6,0,0,High,3,Multiple,
8/30/18,S2R1,11,JN-20,4,JN-20-4,807-42,42,3,Non-Self,Tank22,1,6,0,0,High,3,Multiple,
9/5/18,S2D2,17,JN-20,4,JN-20-4,807-42,42,3,Non-Self,Tank19,1,6,0,0,High,3,Multiple,
9/11/18,S2D8,23,JN-20,4,JN-20-4,807-42,42,3,Non-Self,Tank22,1,6,0,0,High,3,Multiple,
9/14/18,S2D11,26,JN-20,4,JN-20-4,807-42,42,3,Non-Self,Tank24,0,NA,0,0,High,3,Multiple,
9/20/18,End,32,JN-20,4,JN-20-4,807-42,42,3,Non-Self,Tank24,0,NA,0,0,High,3,Multiple,
9/5/18,S2D2,17,JN-26,1,JN-26-1,823-1,1,3,Non-Self,Tank19,1,7,0,0,High,3,Multiple,
9/11/18,S2D8,23,JN-26,1,JN-26-1,823-1,1,3,Non-Self,Tank22,1,7,0,0,High,3,Multiple,
9/14/18,S2D11,26,JN-26,1,JN-26-1,823-1,1,3,Non-Self,Tank24,1,3,0,0,High,3,Multiple,
9/20/18,End,32,JN-26,1,JN-26-1,823-1,1,3,Non-Self,Tank24,0,NA,0,0,High,3,Multiple,
8/14/18,Initial,0,JN-26,2,JN-26-2,806-42,42,3,Non-Self,Tank20,1,2,0,0,High,3,Multiple,
8/22/18,S1D3,3,JN-26,2,JN-26-2,806-42,42,3,Non-Self,Tank20,1,3,0,0,High,3,Multiple,
8/30/18,S2R1,11,JN-26,2,JN-26-2,806-42,42,3,Non-Self,Tank22,1,2,0,0,High,3,Multiple,
9/5/18,S2D2,17,JN-26,2,JN-26-2,806-42,42,3,Non-Self,Tank19,1,2,0,0,High,3,Multiple,
9/11/18,S2D8,23,JN-26,2,JN-26-2,806-42,42,3,Non-Self,Tank22,1,2,0,0,High,3,Multiple,
9/14/18,S2D11,26,JN-26,2,JN-26-2,806-42,42,3,Non-Self,Tank24,0,NA,0,0,High,3,Multiple,
9/20/18,End,32,JN-26,2,JN-26-2,806-42,42,3,Non-Self,Tank24,0,NA,0,0,High,3,Multiple,
9/5/18,S2D2,17,JN-26,3,JN-26-3,815-25,25,3,Non-Self,Tank19,1,3,0,0,High,3,Multiple,
9/11/18,S2D8,23,JN-26,3,JN-26-3,815-25,25,3,Non-Self,Tank22,1,2,0,0,High,3,Multiple,
9/14/18,S2D11,26,JN-26,3,JN-26-3,815-25,25,3,Non-Self,Tank24,0,NA,0,0,High,3,Multiple,
9/20/18,End,32,JN-26,3,JN-26-3,815-25,25,3,Non-Self,Tank24,0,NA,0,0,High,3,Multiple,
8/14/18,Initial,0,JN-3,2,JN-3-2,831-47,47,3,Non-Self,Tank19,1,5,0,0,High,3,Multiple,
9/14/18,S2D11,26,JN-9,3,JN-9-3,821-47,47,4,Non-Self,Tank19,1,2,0,0,High,4,Multiple,
9/20/18,End,32,JN-9,3,JN-9-3,821-47,47,4,Non-Self,Tank19,0,NA,0,0,High,4,Multiple,
8/14/18,Initial,0,JS-10,1,JS-10-1,841-47,47,1,Individual,Tank19,1,4,0,NA,High,1,Individual,
8/22/18,S1D3,3,JS-10,1,JS-10-1,841-47,47,1,Individual,Tank19,1,4,0,NA,High,1,Individual,
8/30/18,S2R1,11,JS-10,1,JS-10-1,841-47,47,1,Individual,Tank20,1,4,0,NA,High,1,Individual,
9/5/18,S2D2,17,JS-10,1,JS-10-1,841-47,47,1,Individual,Tank24,1,4,0,NA,High,1,Individual,
9/11/18,S2D8,23,JS-10,1,JS-10-1,841-47,47,1,Individual,Tank20,1,4,0,NA,High,1,Individual,
9/14/18,S2D11,26,JS-10,1,JS-10-1,841-47,47,1,Individual,Tank19,0,NA,0,NA,High,1,Individual,
9/20/18,End,32,JS-10,1,JS-10-1,841-47,47,1,Individual,Tank19,0,NA,0,NA,High,1,Individual,
8/14/18,Initial,0,JS-12,1,JS-12-1,841-47,47,1,Individual,Tank20,1,4,0,NA,High,1,Individual,
8/22/18,S1D3,3,JS-12,1,JS-12-1,841-47,47,1,Individual,Tank20,1,6,0,NA,High,1,Individual,
8/30/18,S2R1,11,JS-12,1,JS-12-1,841-47,47,1,Individual,Tank22,0,NA,0,NA,High,1,Individual,
9/5/18,S2D2,17,JS-12,1,JS-12-1,841-47,47,1,Individual,Tank19,0,NA,0,NA,High,1,Individual,
9/11/18,S2D8,23,JS-12,1,JS-12-1,841-47,47,1,Individual,Tank22,0,NA,0,NA,High,1,Individual,
9/14/18,S2D11,26,JS-12,1,JS-12-1,841-47,47,1,Individual,Tank24,0,NA,0,NA,High,1,Individual,
9/20/18,End,32,JS-12,1,JS-12-1,841-47,47,1,Individual,Tank24,0,NA,0,NA,High,1,Individual,
8/14/18,Initial,0,JS-14,1,JS-14-1,812-25,25,1,Individual,Tank24,1,2,0,NA,High,1,Individual,
8/22/18,S1D3,3,JS-14,1,JS-14-1,812-25,25,1,Individual,Tank24,1,4,0,NA,High,1,Individual,
8/30/18,S2R1,11,JS-14,1,JS-14-1,812-25,25,1,Individual,Tank19,1,4,0,NA,High,1,Individual,
9/5/18,S2D2,17,JS-14,1,JS-14-1,812-25,25,1,Individual,Tank20,1,4,0,NA,High,1,Individual,
9/11/18,S2D8,23,JS-14,1,JS-14-1,812-25,25,1,Individual,Tank19,1,3,0,NA,High,1,Individual,
9/14/18,S2D11,26,JS-14,1,JS-14-1,812-25,25,1,Individual,Tank20,0,NA,0,NA,High,1,Individual,
9/20/18,End,32,JS-14,1,JS-14-1,812-25,25,1,Individual,Tank20,0,NA,0,NA,High,1,Individual,
8/14/18,Initial,0,JS-15,1,JS-15-1,812-25,25,1,Individual,Tank22,1,1,0,NA,High,1,Individual,
8/22/18,S1D3,3,JS-15,1,JS-15-1,812-25,25,1,Individual,Tank22,1,3,0,NA,High,1,Individual,
8/30/18,S2R1,11,JS-15,1,JS-15-1,812-25,25,1,Individual,Tank24,0,NA,0,NA,High,1,Individual,
9/5/18,S2D2,17,JS-15,1,JS-15-1,812-25,25,1,Individual,Tank22,0,NA,0,NA,High,1,Individual,
9/11/18,S2D8,23,JS-15,1,JS-15-1,812-25,25,1,Individual,Tank24,0,NA,0,NA,High,1,Individual,
9/14/18,S2D11,26,JS-15,1,JS-15-1,812-25,25,1,Individual,Tank22,0,NA,0,NA,High,1,Individual,
9/20/18,End,32,JS-15,1,JS-15-1,812-25,25,1,Individual,Tank22,0,NA,0,NA,High,1,Individual,
8/14/18,Initial,0,JS-16,1,JS-16-1,812-25,25,1,Individual,Tank19,1,1,0,NA,High,1,Individual,
8/22/18,S1D3,3,JS-16,1,JS-16-1,812-25,25,1,Individual,Tank19,1,2,0,NA,High,1,Individual,
8/30/18,S2R1,11,JS-16,1,JS-16-1,812-25,25,1,Individual,Tank20,1,3,0,NA,High,1,Individual,
9/5/18,S2D2,17,JS-16,1,JS-16-1,812-25,25,1,Individual,Tank24,1,2,0,NA,High,1,Individual,
9/11/18,S2D8,23,JS-16,1,JS-16-1,812-25,25,1,Individual,Tank20,1,2,0,NA,High,1,Individual,
9/14/18,S2D11,26,JS-16,1,JS-16-1,812-25,25,1,Individual,Tank19,0,NA,0,NA,High,1,Individual,
9/20/18,End,32,JS-16,1,JS-16-1,812-25,25,1,Individual,Tank19,0,NA,0,NA,High,1,Individual,
8/14/18,Initial,0,JS-17,1,JS-17-1,801-47,47,1,Individual,Tank20,1,4,0,NA,High,1,Individual,
8/22/18,S1D3,3,JS-17,1,JS-17-1,801-47,47,1,Individual,Tank20,1,4,0,NA,High,1,Individual,
8/30/18,S2R1,11,JS-17,1,JS-17-1,801-47,47,1,Individual,Tank22,1,5,0,NA,High,1,Individual,
9/5/18,S2D2,17,JS-17,1,JS-17-1,801-47,47,1,Individual,Tank19,1,6,0,NA,High,1,Individual,
9/11/18,S2D8,23,JS-17,1,JS-17-1,801-47,47,1,Individual,Tank22,1,4,0,NA,High,1,Individual,
9/14/18,S2D11,26,JS-17,1,JS-17-1,801-47,47,1,Individual,Tank24,0,NA,0,NA,High,1,Individual,
9/20/18,End,32,JS-17,1,JS-17-1,801-47,47,1,Individual,Tank24,0,NA,0,NA,High,1,Individual,
8/14/18,Initial,0,JS-2,1,JS-2-1,813-25,25,1,Individual,Tank22,1,6,0,NA,High,1,Individual,
8/22/18,S1D3,3,JS-2,1,JS-2-1,813-25,25,1,Individual,Tank22,1,6,0,NA,High,1,Individual,
8/30/18,S2R1,11,JS-2,1,JS-2-1,813-25,25,1,Individual,Tank24,1,6,0,NA,High,1,Individual,
9/5/18,S2D2,17,JS-2,1,JS-2-1,813-25,25,1,Individual,Tank22,1,6,0,NA,High,1,Individual,
9/11/18,S2D8,23,JS-2,1,JS-2-1,813-25,25,1,Individual,Tank24,1,7,0,NA,High,1,Individual,
9/14/18,S2D11,26,JS-2,1,JS-2-1,813-25,25,1,Individual,Tank22,0,NA,0,NA,High,1,Individual,
9/20/18,End,32,JS-2,1,JS-2-1,813-25,25,1,Individual,Tank22,0,NA,0,NA,High,1,Individual,
8/14/18,Initial,0,JS-23,1,JS-23-1,742-F,F,1,Individual,Tank22,1,2,0,NA,High,1,Individual,
8/22/18,S1D3,3,JS-23,1,JS-23-1,742-F,F,1,Individual,Tank22,1,3,0,NA,High,1,Individual,
8/30/18,S2R1,11,JS-23,1,JS-23-1,742-F,F,1,Individual,Tank24,1,4,0,NA,High,1,Individual,
9/5/18,S2D2,17,JS-23,1,JS-23-1,742-F,F,1,Individual,Tank22,1,4,0,NA,High,1,Individual,
9/11/18,S2D8,23,JS-23,1,JS-23-1,742-F,F,1,Individual,Tank24,1,4,0,NA,High,1,Individual,
9/14/18,S2D11,26,JS-23,1,JS-23-1,742-F,F,1,Individual,Tank22,1,3,0,NA,High,1,Individual,
9/20/18,End,32,JS-23,1,JS-23-1,742-F,F,1,Individual,Tank22,0,NA,0,NA,High,1,Individual,
8/14/18,Initial,0,JS-24,1,JS-24-1,742-F,F,1,Individual,Tank19,1,3,0,NA,High,1,Individual,
8/22/18,S1D3,3,JS-24,1,JS-24-1,742-F,F,1,Individual,Tank19,1,3,0,NA,High,1,Individual,
8/30/18,S2R1,11,JS-24,1,JS-24-1,742-F,F,1,Individual,Tank20,1,4,0,NA,High,1,Individual,
9/5/18,S2D2,17,JS-24,1,JS-24-1,742-F,F,1,Individual,Tank24,1,3,0,NA,High,1,Individual,
9/11/18,S2D8,23,JS-24,1,JS-24-1,742-F,F,1,Individual,Tank20,1,4,0,NA,High,1,Individual,
9/14/18,S2D11,26,JS-24,1,JS-24-1,742-F,F,1,Individual,Tank19,0,NA,0,NA,High,1,Individual,
9/20/18,End,32,JS-24,1,JS-24-1,742-F,F,1,Individual,Tank19,0,NA,0,NA,High,1,Individual,
8/14/18,Initial,0,JS-29,1,JS-29-1,807-42,42,1,Individual,Tank19,1,5,0,NA,High,1,Individual,
8/22/18,S1D3,3,JS-29,1,JS-29-1,807-42,42,1,Individual,Tank19,1,5,0,NA,High,1,Individual,
8/30/18,S2R1,11,JS-29,1,JS-29-1,807-42,42,1,Individual,Tank20,1,6,0,NA,High,1,Individual,
9/5/18,S2D2,17,JS-29,1,JS-29-1,807-42,42,1,Individual,Tank24,1,6,0,NA,High,1,Individual,
9/11/18,S2D8,23,JS-29,1,JS-29-1,807-42,42,1,Individual,Tank20,1,6,0,NA,High,1,Individual,
9/14/18,S2D11,26,JS-29,1,JS-29-1,807-42,42,1,Individual,Tank19,0,NA,0,NA,High,1,Individual,
9/20/18,End,32,JS-29,1,JS-29-1,807-42,42,1,Individual,Tank19,0,NA,0,NA,High,1,Individual,
8/14/18,Initial,0,JS-3,1,JS-3-1,813-25,25,1,Individual,Tank24,1,4,0,NA,High,1,Individual,
8/22/18,S1D3,3,JS-3,1,JS-3-1,813-25,25,1,Individual,Tank24,1,5,0,NA,High,1,Individual,
8/30/18,S2R1,11,JS-3,1,JS-3-1,813-25,25,1,Individual,Tank19,1,6,0,NA,High,1,Individual,
9/5/18,S2D2,17,JS-3,1,JS-3-1,813-25,25,1,Individual,Tank20,1,6,0,NA,High,1,Individual,
9/11/18,S2D8,23,JS-3,1,JS-3-1,813-25,25,1,Individual,Tank19,1,5,0,NA,High,1,Individual,
9/14/18,S2D11,26,JS-3,1,JS-3-1,813-25,25,1,Individual,Tank20,0,NA,0,NA,High,1,Individual,
9/20/18,End,32,JS-3,1,JS-3-1,813-25,25,1,Individual,Tank20,0,NA,0,NA,High,1,Individual,
8/14/18,Initial,0,JS-35,1,JS-35-1,744-1,1,1,Individual,Tank24,1,2,0,NA,High,1,Individual,
8/22/18,S1D3,3,JS-35,1,JS-35-1,744-1,1,1,Individual,Tank24,1,3,0,NA,High,1,Individual,
8/30/18,S2R1,11,JS-35,1,JS-35-1,744-1,1,1,Individual,Tank19,1,4,0,NA,High,1,Individual,
9/5/18,S2D2,17,JS-35,1,JS-35-1,744-1,1,1,Individual,Tank20,1,4,0,NA,High,1,Individual,
9/11/18,S2D8,23,JS-35,1,JS-35-1,744-1,1,1,Individual,Tank19,1,4,0,NA,High,1,Individual,
9/14/18,S2D11,26,JS-35,1,JS-35-1,744-1,1,1,Individual,Tank20,0,NA ,0,NA,High,1,Individual,
9/20/18,End,32,JS-35,1,JS-35-1,744-1,1,1,Individual,Tank20,0,NA ,0,NA,High,1,Individual,
8/14/18,Initial,0,JS-36,1,JS-36-1,744-1,1,1,Individual,Tank24,1,2,0,NA,High,1,Individual,
8/22/18,S1D3,3,JS-36,1,JS-36-1,744-1,1,1,Individual,Tank24,1,2,0,NA,High,1,Individual,
8/30/18,S2R1,11,JS-36,1,JS-36-1,744-1,1,1,Individual,Tank19,1,2,0,NA,High,1,Individual,
9/5/18,S2D2,17,JS-36,1,JS-36-1,744-1,1,1,Individual,Tank20,1,2,0,NA,High,1,Individual,
9/11/18,S2D8,23,JS-36,1,JS-36-1,744-1,1,1,Individual,Tank19,1,2,0,NA,High,1,Individual,
9/14/18,S2D11,26,JS-36,1,JS-36-1,744-1,1,1,Individual,Tank20,0,NA ,0,NA,High,1,Individual,
9/20/18,End,32,JS-36,1,JS-36-1,744-1,1,1,Individual,Tank20,0,NA ,0,NA,High,1,Individual,
8/22/18,S1D3,3,JS-39,1,JS-39-1,806-42,42,1,Individual,Tank19,1,3,0,NA,High,1,Individual,
8/30/18,S2R1,11,JS-39,1,JS-39-1,806-42,42,1,Individual,Tank20,0,NA,0,NA,High,1,Individual,
9/5/18,S2D2,17,JS-39,1,JS-39-1,806-42,42,1,Individual,Tank24,0,NA,0,NA,High,1,Individual,
9/11/18,S2D8,23,JS-39,1,JS-39-1,806-42,42,1,Individual,Tank20,0,NA,0,NA,High,1,Individual,
9/14/18,S2D11,26,JS-39,1,JS-39-1,806-42,42,1,Individual,Tank19,0,NA,0,NA,High,1,Individual,
9/20/18,End,32,JS-39,1,JS-39-1,806-42,42,1,Individual,Tank19,0,NA,0,NA,High,1,Individual,
8/14/18,Initial,0,JS-40,1,JS-40-1,806-42,42,1,Individual,Tank20,1,3,0,NA,High,1,Individual,
8/22/18,S1D3,3,JS-40,1,JS-40-1,806-42,42,1,Individual,Tank20,1,3,0,NA,High,1,Individual,
8/30/18,S2R1,11,JS-40,1,JS-40-1,806-42,42,1,Individual,Tank22,0,NA,0,NA,High,1,Individual,
9/5/18,S2D2,17,JS-40,1,JS-40-1,806-42,42,1,Individual,Tank19,0,NA,0,NA,High,1,Individual,
9/11/18,S2D8,23,JS-40,1,JS-40-1,806-42,42,1,Individual,Tank22,0,NA,0,NA,High,1,Individual,
9/14/18,S2D11,26,JS-40,1,JS-40-1,806-42,42,1,Individual,Tank24,0,NA,0,NA,High,1,Individual,
9/20/18,End,32,JS-40,1,JS-40-1,806-42,42,1,Individual,Tank24,0,NA,0,NA,High,1,Individual,
8/14/18,Initial,0,JS-41,1,JS-41-1,813-25,25,1,Individual,Tank22,1,7,0,NA,High,1,Individual,
8/22/18,S1D3,3,JS-41,1,JS-41-1,813-25,25,1,Individual,Tank22,1,7,0,NA,High,1,Individual,
8/30/18,S2R1,11,JS-41,1,JS-41-1,813-25,25,1,Individual,Tank24,1,7,0,NA,High,1,Individual,
9/5/18,S2D2,17,JS-41,1,JS-41-1,813-25,25,1,Individual,Tank22,1,7,0,NA,High,1,Individual,
9/11/18,S2D8,23,JS-41,1,JS-41-1,813-25,25,1,Individual,Tank24,1,7,0,NA,High,1,Individual,
9/14/18,S2D11,26,JS-41,1,JS-41-1,813-25,25,1,Individual,Tank22,0,NA,0,NA,High,1,Individual,
9/20/18,End,32,JS-41,1,JS-41-1,813-25,25,1,Individual,Tank22,0,NA,0,NA,High,1,Individual,
8/14/18,Initial,0,JS-43,1,JS-43-1,742-F,F,1,Individual,Tank19,1,3,0,NA,High,1,Individual,
8/22/18,S1D3,3,JS-43,1,JS-43-1,742-F,F,1,Individual,Tank19,1,3,0,NA,High,1,Individual,
8/30/18,S2R1,11,JS-43,1,JS-43-1,742-F,F,1,Individual,Tank20,1,3,0,NA,High,1,Individual,
9/5/18,S2D2,17,JS-43,1,JS-43-1,742-F,F,1,Individual,Tank24,1,3,0,NA,High,1,Individual,
9/11/18,S2D8,23,JS-43,1,JS-43-1,742-F,F,1,Individual,Tank20,1,3,0,NA,High,1,Individual,
9/14/18,S2D11,26,JS-43,1,JS-43-1,742-F,F,1,Individual,Tank19,0,NA,0,NA,High,1,Individual,
9/20/18,End,32,JS-43,1,JS-43-1,742-F,F,1,Individual,Tank19,0,NA,0,NA,High,1,Individual,
8/14/18,Initial,0,JS-44,1,JS-44-1,801-47,47,1,Individual,Tank20,1,2,0,NA,High,1,Individual,
8/22/18,S1D3,3,JS-44,1,JS-44-1,801-47,47,1,Individual,Tank20,1,3,0,NA,High,1,Individual,
8/30/18,S2R1,11,JS-44,1,JS-44-1,801-47,47,1,Individual,Tank22,1,3,0,NA,High,1,Individual,
9/5/18,S2D2,17,JS-44,1,JS-44-1,801-47,47,1,Individual,Tank19,0,NA,0,NA,High,1,Individual,
9/11/18,S2D8,23,JS-44,1,JS-44-1,801-47,47,1,Individual,Tank22,0,NA,0,NA,High,1,Individual,
9/14/18,S2D11,26,JS-44,1,JS-44-1,801-47,47,1,Individual,Tank24,0,NA,0,NA,High,1,Individual,
9/20/18,End,32,JS-44,1,JS-44-1,801-47,47,1,Individual,Tank24,0,NA,0,NA,High,1,Individual,
8/14/18,Initial,0,JS-45,1,JS-45-1,806-42,42,1,Individual,Tank24,1,2,0,NA,High,1,Individual,
8/22/18,S1D3,3,JS-45,1,JS-45-1,806-42,42,1,Individual,Tank24,1,2,0,NA,High,1,Individual,
8/30/18,S2R1,11,JS-45,1,JS-45-1,806-42,42,1,Individual,Tank19,1,2,0,NA,High,1,Individual,
9/5/18,S2D2,17,JS-45,1,JS-45-1,806-42,42,1,Individual,Tank20,1,3,0,NA,High,1,Individual,
9/11/18,S2D8,23,JS-45,1,JS-45-1,806-42,42,1,Individual,Tank19,0,NA,0,NA,High,1,Individual,
9/14/18,S2D11,26,JS-45,1,JS-45-1,806-42,42,1,Individual,Tank20,0,NA,0,NA,High,1,Individual,
9/20/18,End,32,JS-45,1,JS-45-1,806-42,42,1,Individual,Tank20,0,NA,0,NA,High,1,Individual,
8/14/18,Initial,0,AA-8,1,AA-8-1,811-47,47,2,Self,Tank24,1,4,1,1,High,1,Multiple,
8/22/18,S1D3,3,AA-8,1,AA-8-1,811-47,47,2,Self,Tank24,1,5,1,1,High,1,Multiple,
8/30/18,S2R1,11,AA-8,1,AA-8-1,811-47,47,2,Self,Tank19,1,5,1,1,High,1,Multiple,
9/5/18,S2D2,17,AA-8,1,AA-8-1,811-47,47,2,Self,Tank20,1,5,1,1,High,1,Multiple,
9/11/18,S2D8,23,AA-8,1,AA-8-1,811-47,47,2,Self,Tank19,1,6,1,1,High,1,Multiple,
9/14/18,S2D11,26,AA-8,1,AA-8-1,811-47,47,2,Self,Tank20,0,NA,1,1,High,1,Multiple,
9/20/18,End,32,AA-8,1,AA-8-1,811-47,47,2,Self,Tank20,0,NA,1,1,High,1,Multiple,
8/14/18,Initial,0,AA-8,2,AA-8-2,811-47,47,2,Self,Tank24,1,5,1,1,High,1,Multiple,
8/22/18,S1D3,3,AA-8,2,AA-8-2,811-47,47,2,Self,Tank24,1,5,1,1,High,1,Multiple,
8/30/18,S2R1,11,AA-8,2,AA-8-2,811-47,47,2,Self,Tank19,1,5,1,1,High,1,Multiple,
9/5/18,S2D2,17,AA-8,2,AA-8-2,811-47,47,2,Self,Tank20,1,7,1,1,High,1,Multiple,
9/11/18,S2D8,23,AA-8,2,AA-8-2,811-47,47,2,Self,Tank19,1,6,1,1,High,1,Multiple,
9/14/18,S2D11,26,AA-8,2,AA-8-2,811-47,47,2,Self,Tank20,0,NA,1,1,High,1,Multiple,
9/20/18,End,32,AA-8,2,AA-8-2,811-47,47,2,Self,Tank20,0,NA,1,1,High,1,Multiple,
8/14/18,S2D11,0,AN-6,1,AN-6-1,802-42,42,3,Non-Self,Tank19,1,4,1,1,High,3,Multiple,
8/14/18,End,0,AN-6,1,AN-6-1,802-42,42,3,Non-Self,Tank19,1,4,1,1,High,3,Multiple,
9/14/18,S2D11,26,AN-6,2,AN-6-2,807-42,42,3,Non-Self,Tank19,0,NA,1,1,High,3,Multiple,
9/20/18,End,32,AN-6,2,AN-6-2,807-42,42,3,Non-Self,Tank19,0,NA,1,1,High,3,Multiple,
8/14/18,Initial,0,JA-17,1,JA-17-1,841-47,47,2,Self,Tank24,1,3,1,1,High,1,Multiple,
8/22/18,S1D3,3,JA-17,1,JA-17-1,841-47,47,2,Self,Tank24,1,3,1,1,High,1,Multiple,
8/30/18,S2R1,11,JA-17,1,JA-17-1,841-47,47,2,Self,Tank19,1,3,1,1,High,1,Multiple,
9/5/18,S2D2,17,JA-17,1,JA-17-1,841-47,47,2,Self,Tank20,1,3,1,1,High,1,Multiple,
8/14/18,Initial,0,JA-17,2,JA-17-2,841-47,47,2,Self,Tank24,1,4,1,1,High,1,Multiple,
8/22/18,S1D3,3,JA-17,2,JA-17-2,841-47,47,2,Self,Tank24,1,5,1,1,High,1,Multiple,
8/30/18,S2R1,11,JA-17,2,JA-17-2,841-47,47,2,Self,Tank19,1,5,1,1,High,1,Multiple,
9/5/18,S2D2,17,JA-17,2,JA-17-2,841-47,47,2,Self,Tank20,1,5,1,1,High,1,Multiple,
8/14/18,Initial,0,JA-22,1,JA-22-1,812-25,25,3,Self,Tank19,1,4,1,1,High,1,Multiple,
8/14/18,Initial,0,JA-22,3,JA-22-3,812-25,25,3,Self,Tank19,1,2,1,1,High,1,Multiple,
9/5/18,S2D2,17,JA-24,3,JA-24-3,801-47,47,3,Self,Tank19,1,2,1,1,High,1,Multiple,
9/11/18,S2D8,23,JA-24,3,JA-24-3,801-47,47,3,Self,Tank22,1,4,1,1,High,1,Multiple,
9/14/18,S2D11,26,JA-24,3,JA-24-3,801-47,47,3,Self,Tank24,0,NA,1,1,High,1,Multiple,
9/20/18,End,32,JA-24,3,JA-24-3,801-47,47,3,Self,Tank24,0,NA,1,1,High,1,Multiple,
9/5/18,S2D2,17,JA-24,4,JA-24-4,801-47,47,3,Self,Tank19,1,3,1,1,High,1,Multiple,
9/11/18,S2D8,23,JA-24,4,JA-24-4,801-47,47,3,Self,Tank22,1,4,1,1,High,1,Multiple,
9/14/18,S2D11,26,JA-24,4,JA-24-4,801-47,47,3,Self,Tank24,0,NA,1,1,High,1,Multiple,
9/20/18,End,32,JA-24,4,JA-24-4,801-47,47,3,Self,Tank24,0,NA,1,1,High,1,Multiple,
8/14/18,Initial,0,JA-58,1,JA-58-1,806-42,42,2,Self,Tank24,1,2,1,1,High,1,Multiple,
8/22/18,S1D3,3,JA-58,1,JA-58-1,806-42,42,2,Self,Tank24,1,4,1,1,High,1,Multiple,
8/30/18,S2R1,11,JA-58,1,JA-58-1,806-42,42,2,Self,Tank19,1,3,1,1,High,1,Multiple,
9/5/18,S2D2,17,JA-58,1,JA-58-1,806-42,42,2,Self,Tank20,1,5,1,1,High,1,Multiple,
9/11/18,S2D8,23,JA-58,1,JA-58-1,806-42,42,2,Self,Tank19,1,4,1,1,High,1,Multiple,
9/14/18,S2D11,26,JA-58,1,JA-58-1,806-42,42,2,Self,Tank20,0,NA,1,1,High,1,Multiple,
9/20/18,End,32,JA-58,1,JA-58-1,806-42,42,2,Self,Tank20,0,NA,1,1,High,1,Multiple,
8/14/18,Initial,0,JA-58,2,JA-58-2,806-42,42,2,Self,Tank24,1,4,1,1,High,1,Multiple,
8/22/18,S1D3,3,JA-58,2,JA-58-2,806-42,42,2,Self,Tank24,1,4,1,1,High,1,Multiple,
8/30/18,S2R1,11,JA-58,2,JA-58-2,806-42,42,2,Self,Tank19,1,4,1,1,High,1,Multiple,
9/5/18,S2D2,17,JA-58,2,JA-58-2,806-42,42,2,Self,Tank20,1,4,1,1,High,1,Multiple,
9/11/18,S2D8,23,JA-58,2,JA-58-2,806-42,42,2,Self,Tank19,1,3,1,1,High,1,Multiple,
9/14/18,S2D11,26,JA-58,2,JA-58-2,806-42,42,2,Self,Tank20,0,NA,1,1,High,1,Multiple,
9/20/18,End,32,JA-58,2,JA-58-2,806-42,42,2,Self,Tank20,0,NA,1,1,High,1,Multiple,
8/14/18,Initial,0,JA-7,1,JA-7-1,803-42,42,2,Self,Tank20,1,3,1,1,High,1,Multiple,
8/14/18,Initial,0,JA-7,2,JA-7-2,803-42,42,2,Self,Tank20,1,2,1,1,High,1,Multiple,
8/14/18,Initial,0,JN-11,2,JN-11-2,824-1,1,4,Non-Self,Tank24,1,4,1,1,High,4,Multiple,
8/22/18,S1D3,3,JN-11,2,JN-11-2,824-1,1,4,Non-Self,Tank24,1,4,1,1,High,4,Multiple,
8/30/18,S2R1,11,JN-11,2,JN-11-2,824-1,1,4,Non-Self,Tank19,1,4,1,1,High,4,Multiple,
8/14/18,Initial,0,JN-11,4,JN-11-4,742-F,F,4,Non-Self,Tank24,1,5,1,1,High,4,Multiple,
8/22/18,S1D3,3,JN-11,4,JN-11-4,742-F,F,4,Non-Self,Tank24,1,5,1,1,High,4,Multiple,
8/30/18,S2R1,11,JN-11,4,JN-11-4,742-F,F,4,Non-Self,Tank19,1,5,1,1,High,4,Multiple,
8/22/18,S1D3,3,JN-13,1,JN-13-1,801-47,47,3,Non-Self,Tank20,1,2,1,1,High,3,Multiple,
8/30/18,S2R1,11,JN-13,1,JN-13-1,801-47,47,3,Non-Self,Tank22,1,2,1,1,High,3,Multiple,
9/5/18,S2D2,17,JN-13,1,JN-13-1,801-47,47,3,Non-Self,Tank19,1,2,1,1,High,3,Multiple,
9/11/18,S2D8,23,JN-13,1,JN-13-1,801-47,47,3,Non-Self,Tank22,1,2,1,1,High,3,Multiple,
9/14/18,S2D11,26,JN-13,1,JN-13-1,801-47,47,3,Non-Self,Tank24,0,NA,1,1,High,3,Multiple,
9/20/18,End,32,JN-13,1,JN-13-1,801-47,47,3,Non-Self,Tank24,0,NA,1,1,High,3,Multiple,
8/22/18,S1D3,3,JN-13,2,JN-13-2,742-F,F,3,Non-Self,Tank20,1,4,1,1,High,3,Multiple,
8/30/18,S2R1,11,JN-13,2,JN-13-2,742-F,F,3,Non-Self,Tank22,1,4,1,1,High,3,Multiple,
9/5/18,S2D2,17,JN-13,2,JN-13-2,742-F,F,3,Non-Self,Tank19,1,4,1,1,High,3,Multiple,
9/11/18,S2D8,23,JN-13,2,JN-13-2,742-F,F,3,Non-Self,Tank22,1,1,1,1,High,3,Multiple,
9/14/18,S2D11,26,JN-13,2,JN-13-2,742-F,F,3,Non-Self,Tank24,0,NA,1,1,High,3,Multiple,
9/20/18,End,32,JN-13,2,JN-13-2,742-F,F,3,Non-Self,Tank24,0,NA,1,1,High,3,Multiple,
8/14/18,Initial,0,JN-19,3,JN-19-3,815-25,25,3,Non-Self,Tank22,1,1,1,1,High,3,Multiple,
8/22/18,S1D3,3,JN-19,3,JN-19-3,815-25,25,3,Non-Self,Tank22,1,1,1,1,High,3,Multiple,
8/30/18,S2R1,11,JN-19,3,JN-19-3,815-25,25,3,Non-Self,Tank24,1,1,1,1,High,3,Multiple,
9/5/18,S2D2,17,JN-19,3,JN-19-3,815-25,25,3,Non-Self,Tank22,1,1,1,1,High,3,Multiple,
8/14/18,Initial,0,JN-19,4,JN-19-4,807-42,42,3,Non-Self,Tank22,1,6,1,1,High,3,Multiple,
8/22/18,S1D3,3,JN-19,4,JN-19-4,807-42,42,3,Non-Self,Tank22,1,6,1,1,High,3,Multiple,
8/30/18,S2R1,11,JN-19,4,JN-19-4,807-42,42,3,Non-Self,Tank24,1,7,1,1,High,3,Multiple,
9/5/18,S2D2,17,JN-19,4,JN-19-4,807-42,42,3,Non-Self,Tank22,1,7,1,1,High,3,Multiple,
8/14/18,Initial,0,JN-20,1,JN-20-1,813-25,25,3,Non-Self,Tank20,1,7,1,1,High,3,Multiple,
8/22/18,S1D3,3,JN-20,1,JN-20-1,813-25,25,3,Non-Self,Tank20,1,8,1,1,High,3,Multiple,
8/30/18,S2R1,11,JN-20,1,JN-20-1,813-25,25,3,Non-Self,Tank22,1,8,1,1,High,3,Multiple,
9/5/18,S2D2,17,JN-20,1,JN-20-1,813-25,25,3,Non-Self,Tank19,1,8,1,1,High,3,Multiple,
8/14/18,Initial,0,JN-20,3,JN-20-3,815-25,25,3,Non-Self,Tank20,1,2,1,1,High,3,Multiple,
8/22/18,S1D3,3,JN-20,3,JN-20-3,815-25,25,3,Non-Self,Tank20,1,2,1,1,High,3,Multiple,
8/30/18,S2R1,11,JN-20,3,JN-20-3,815-25,25,3,Non-Self,Tank22,1,2,1,1,High,3,Multiple,
9/5/18,S2D2,17,JN-20,3,JN-20-3,815-25,25,3,Non-Self,Tank19,0,NA,1,1,High,3,Multiple,
9/11/18,S2D8,23,JN-20,3,JN-20-3,815-25,25,3,Non-Self,Tank22,0,NA,1,1,High,3,Multiple,
9/14/18,S2D11,26,JN-20,3,JN-20-3,815-25,25,3,Non-Self,Tank24,0,NA,1,1,High,3,Multiple,
9/20/18,End,32,JN-20,3,JN-20-3,815-25,25,3,Non-Self,Tank24,0,NA,1,1,High,3,Multiple,
8/14/18,Initial,0,JN-25,1,JN-25-1,821-47,47,2,Non-Self,Tank19,1,5,1,1,High,2,Multiple,
8/22/18,S1D3,3,JN-25,1,JN-25-1,821-47,47,2,Non-Self,Tank19,1,6,1,1,High,2,Multiple,
8/30/18,S2R1,11,JN-25,1,JN-25-1,821-47,47,2,Non-Self,Tank20,1,6,1,1,High,2,Multiple,
9/5/18,S2D2,17,JN-25,1,JN-25-1,821-47,47,2,Non-Self,Tank24,1,6,1,1,High,2,Multiple,
9/11/18,S2D8,23,JN-25,1,JN-25-1,821-47,47,2,Non-Self,Tank20,1,6,1,1,High,2,Multiple,
9/14/18,S2D11,26,JN-25,1,JN-25-1,821-47,47,2,Non-Self,Tank19,0,NA,1,1,High,2,Multiple,
9/20/18,End,32,JN-25,1,JN-25-1,821-47,47,2,Non-Self,Tank19,0,NA,1,1,High,2,Multiple,
8/14/18,Initial,0,JN-25,2,JN-25-2,803-42,42,2,Non-Self,Tank19,1,3,1,1,High,2,Multiple,
8/22/18,S1D3,3,JN-25,2,JN-25-2,803-42,42,2,Non-Self,Tank19,1,4,1,1,High,2,Multiple,
8/30/18,S2R1,11,JN-25,2,JN-25-2,803-42,42,2,Non-Self,Tank20,1,4,1,1,High,2,Multiple,
9/5/18,S2D2,17,JN-25,2,JN-25-2,803-42,42,2,Non-Self,Tank24,1,4,1,1,High,2,Multiple,
9/11/18,S2D8,23,JN-25,2,JN-25-2,803-42,42,2,Non-Self,Tank20,1,5,1,1,High,2,Multiple,
9/14/18,S2D11,26,JN-25,2,JN-25-2,803-42,42,2,Non-Self,Tank19,0,NA,1,1,High,2,Multiple,
9/20/18,End,32,JN-25,2,JN-25-2,803-42,42,2,Non-Self,Tank19,0,NA,1,1,High,2,Multiple,
8/14/18,Initial,0,JN-26,1,JN-26-1,823-1,1,3,Non-Self,Tank20,1,7,1,1,High,3,Multiple,
8/22/18,S1D3,3,JN-26,1,JN-26-1,823-1,1,3,Non-Self,Tank20,1,7,1,1,High,3,Multiple,
8/30/18,S2R1,11,JN-26,1,JN-26-1,823-1,1,3,Non-Self,Tank22,1,7,1,1,High,3,Multiple,
8/14/18,Initial,0,JN-26,3,JN-26-3,815-25,25,3,Non-Self,Tank20,1,2,1,1,High,3,Multiple,
8/22/18,S1D3,3,JN-26,3,JN-26-3,815-25,25,3,Non-Self,Tank20,1,2,1,1,High,3,Multiple,
8/30/18,S2R1,11,JN-26,3,JN-26-3,815-25,25,3,Non-Self,Tank22,1,2,1,1,High,3,Multiple,
8/14/18,Initial,0,JN-4,1,JN-4-1,750-F,F,2,Non-Self,Tank24,1,3,1,1,High,2,Multiple,
8/22/18,S1D3,3,JN-4,1,JN-4-1,750-F,F,2,Non-Self,Tank24,1,3,1,1,High,2,Multiple,
8/30/18,S2R1,11,JN-4,1,JN-4-1,750-F,F,2,Non-Self,Tank19,1,3,1,1,High,2,Multiple,
9/5/18,S2D2,17,JN-4,1,JN-4-1,750-F,F,2,Non-Self,Tank20,1,2,1,1,High,2,Multiple,
9/11/18,S2D8,23,JN-4,1,JN-4-1,750-F,F,2,Non-Self,Tank19,1,2,1,1,High,2,Multiple,
9/14/18,S2D11,26,JN-4,1,JN-4-1,750-F,F,2,Non-Self,Tank20,0,NA,1,1,High,2,Multiple,
9/20/18,End,32,JN-4,1,JN-4-1,750-F,F,2,Non-Self,Tank20,0,NA,1,1,High,2,Multiple,
8/14/18,Initial,0,JN-4,3,JN-4-3,804-42,42,2,Non-Self,Tank24,1,4,1,1,High,2,Multiple,
8/22/18,S1D3,3,JN-4,3,JN-4-3,804-42,42,2,Non-Self,Tank24,1,4,1,1,High,2,Multiple,
8/30/18,S2R1,11,JN-4,3,JN-4-3,804-42,42,2,Non-Self,Tank19,1,4,1,1,High,2,Multiple,
9/5/18,S2D2,17,JN-4,3,JN-4-3,804-42,42,2,Non-Self,Tank20,1,4,1,1,High,2,Multiple,
9/11/18,S2D8,23,JN-4,3,JN-4-3,804-42,42,2,Non-Self,Tank19,1,4,1,1,High,2,Multiple,
9/14/18,S2D11,26,JN-4,3,JN-4-3,804-42,42,2,Non-Self,Tank20,0,NA,1,1,High,2,Multiple,
9/20/18,End,32,JN-4,3,JN-4-3,804-42,42,2,Non-Self,Tank20,0,NA,1,1,High,2,Multiple,
8/14/18,Initial,0,AN-6,1,AN-6-1,802-42,42,3,Non-Self,Tank19,1,4,2,1,High,3,Multiple,
8/14/18,S1D3,0,AN-6,1,AN-6-1,802-42,42,3,Non-Self,Tank19,1,4,2,1,High,3,Multiple,
8/14/18,S2R1,0,AN-6,1,AN-6-1,802-42,42,3,Non-Self,Tank19,1,4,2,1,High,3,Multiple,
8/14/18,S2D2,0,AN-6,1,AN-6-1,802-42,42,3,Non-Self,Tank19,1,4,2,1,High,3,Multiple,
8/14/18,S2D8,0,AN-6,1,AN-6-1,802-42,42,3,Non-Self,Tank19,1,4,2,1,High,3,Multiple,
8/14/18,Initial,0,AN-6,2,AN-6-2,807-42,42,3,Non-Self,Tank19,1,2,2,1,High,3,Multiple,
8/22/18,S1D3,3,AN-6,2,AN-6-2,807-42,42,3,Non-Self,Tank19,1,3,2,1,High,3,Multiple,
8/30/18,S2R1,11,AN-6,2,AN-6-2,807-42,42,3,Non-Self,Tank20,1,3,2,1,High,3,Multiple,
9/5/18,S2D2,17,AN-6,2,AN-6-2,807-42,42,3,Non-Self,Tank24,1,3,2,1,High,3,Multiple,
9/11/18,S2D8,23,AN-6,2,AN-6-2,807-42,42,3,Non-Self,Tank20,1,3,2,1,High,3,Multiple,
8/14/18,Initial,0,AN-6,3,AN-6-3,806-42,42,3,Non-Self,Tank19,1,1,2,1,High,3,Multiple,
8/22/18,S1D3,3,AN-6,3,AN-6-3,806-42,42,3,Non-Self,Tank19,1,2,2,1,High,3,Multiple,
8/30/18,S2R1,11,AN-6,3,AN-6-3,806-42,42,3,Non-Self,Tank20,1,2,2,1,High,3,Multiple,
9/5/18,S2D2,17,AN-6,3,AN-6-3,806-42,42,3,Non-Self,Tank24,1,2,2,1,High,3,Multiple,
9/11/18,S2D8,23,AN-6,3,AN-6-3,806-42,42,3,Non-Self,Tank20,1,2,2,1,High,3,Multiple,
8/14/18,Initial,0,JA-18,1,JA-18-1,841-47,47,3,Self,Tank20,1,3,2,1,High,1,Multiple,
8/22/18,S1D3,3,JA-18,1,JA-18-1,841-47,47,3,Self,Tank20,1,3,2,1,High,1,Multiple,
8/30/18,S2R1,11,JA-18,1,JA-18-1,841-47,47,3,Self,Tank22,1,3,2,1,High,1,Multiple,
9/5/18,S2D2,17,JA-18,1,JA-18-1,841-47,47,3,Self,Tank19,1,3,2,1,High,1,Multiple,
9/11/18,S2D8,23,JA-18,1,JA-18-1,841-47,47,3,Self,Tank22,1,2,2,1,High,1,Multiple,
9/14/18,S2D11,26,JA-18,1,JA-18-1,841-47,47,3,Self,Tank24,0,NA,2,1,High,1,Multiple,
9/20/18,End,32,JA-18,1,JA-18-1,841-47,47,3,Self,Tank24,0,NA,2,1,High,1,Multiple,
8/14/18,Initial,0,JA-18,2,JA-18-2,841-47,47,3,Self,Tank20,1,4,2,1,High,1,Multiple,
8/22/18,S1D3,3,JA-18,2,JA-18-2,841-47,47,3,Self,Tank20,1,4,2,1,High,1,Multiple,
8/30/18,S2R1,11,JA-18,2,JA-18-2,841-47,47,3,Self,Tank22,1,4,2,1,High,1,Multiple,
9/5/18,S2D2,17,JA-18,2,JA-18-2,841-47,47,3,Self,Tank19,1,4,2,1,High,1,Multiple,
9/11/18,S2D8,23,JA-18,2,JA-18-2,841-47,47,3,Self,Tank22,1,3,2,1,High,1,Multiple,
9/14/18,S2D11,26,JA-18,2,JA-18-2,841-47,47,3,Self,Tank24,0,NA,2,1,High,1,Multiple,
9/20/18,End,32,JA-18,2,JA-18-2,841-47,47,3,Self,Tank24,0,NA,2,1,High,1,Multiple,
8/14/18,Initial,0,JA-18,3,JA-18-3,841-47,47,3,Self,Tank20,1,3,2,1,High,1,Multiple,
8/22/18,S1D3,3,JA-18,3,JA-18-3,841-47,47,3,Self,Tank20,1,4,2,1,High,1,Multiple,
8/30/18,S2R1,11,JA-18,3,JA-18-3,841-47,47,3,Self,Tank22,1,5,2,1,High,1,Multiple,
9/5/18,S2D2,17,JA-18,3,JA-18-3,841-47,47,3,Self,Tank19,1,3,2,1,High,1,Multiple,
9/11/18,S2D8,23,JA-18,3,JA-18-3,841-47,47,3,Self,Tank22,1,3,2,1,High,1,Multiple,
9/14/18,S2D11,26,JA-18,3,JA-18-3,841-47,47,3,Self,Tank24,0,NA,2,1,High,1,Multiple,
9/20/18,End,32,JA-18,3,JA-18-3,841-47,47,3,Self,Tank24,0,NA,2,1,High,1,Multiple,
8/22/18,S1D3,3,JA-22,1,JA-22-1,812-25,25,3,Self,Tank19,1,4,2,1,High,1,Multiple,
8/30/18,S2R1,11,JA-22,1,JA-22-1,812-25,25,3,Self,Tank20,1,4,2,1,High,1,Multiple,
9/5/18,S2D2,17,JA-22,1,JA-22-1,812-25,25,3,Self,Tank24,1,5,2,1,High,1,Multiple,
9/11/18,S2D8,23,JA-22,1,JA-22-1,812-25,25,3,Self,Tank20,1,3,2,1,High,1,Multiple,
9/14/18,S2D11,26,JA-22,1,JA-22-1,812-25,25,3,Self,Tank19,0,NA,2,1,High,1,Multiple,
9/20/18,End,32,JA-22,1,JA-22-1,812-25,25,3,Self,Tank19,0,NA,2,1,High,1,Multiple,
8/22/18,S1D3,3,JA-22,3,JA-22-3,812-25,25,3,Self,Tank19,1,2,2,1,High,1,Multiple,
8/30/18,S2R1,11,JA-22,3,JA-22-3,812-25,25,3,Self,Tank20,1,3,2,1,High,1,Multiple,
9/5/18,S2D2,17,JA-22,3,JA-22-3,812-25,25,3,Self,Tank24,1,3,2,1,High,1,Multiple,
9/11/18,S2D8,23,JA-22,3,JA-22-3,812-25,25,3,Self,Tank20,1,1,2,1,High,1,Multiple,
9/14/18,S2D11,26,JA-22,3,JA-22-3,812-25,25,3,Self,Tank19,0,NA,2,1,High,1,Multiple,
9/20/18,End,32,JA-22,3,JA-22-3,812-25,25,3,Self,Tank19,0,NA,2,1,High,1,Multiple,
8/22/18,S1D3,3,JA-22,4,JA-22-4,812-25,25,3,Self,Tank19,1,2,2,1,High,1,Multiple,
8/30/18,S2R1,11,JA-22,4,JA-22-4,812-25,25,3,Self,Tank20,1,3,2,1,High,1,Multiple,
9/5/18,S2D2,17,JA-22,4,JA-22-4,812-25,25,3,Self,Tank24,1,4,2,1,High,1,Multiple,
9/11/18,S2D8,23,JA-22,4,JA-22-4,812-25,25,3,Self,Tank20,1,3,2,1,High,1,Multiple,
9/14/18,S2D11,26,JA-22,4,JA-22-4,812-25,25,3,Self,Tank19,0,NA,2,1,High,1,Multiple,
9/20/18,End,32,JA-22,4,JA-22-4,812-25,25,3,Self,Tank19,0,NA,2,1,High,1,Multiple,
8/14/18,Initial,0,JA-23,1,JA-23-1,801-47,47,3,Self,Tank22,1,3,2,1,High,1,Multiple,
8/22/18,S1D3,3,JA-23,1,JA-23-1,801-47,47,3,Self,Tank22,1,3,2,1,High,1,Multiple,
8/30/18,S2R1,11,JA-23,1,JA-23-1,801-47,47,3,Self,Tank24,1,3,2,1,High,1,Multiple,
9/5/18,S2D2,17,JA-23,1,JA-23-1,801-47,47,3,Self,Tank22,1,3,2,1,High,1,Multiple,
9/11/18,S2D8,23,JA-23,1,JA-23-1,801-47,47,3,Self,Tank24,1,2,2,1,High,1,Multiple,
9/14/18,S2D11,26,JA-23,1,JA-23-1,801-47,47,3,Self,Tank22,0,NA,2,1,High,1,Multiple,
9/20/18,End,32,JA-23,1,JA-23-1,801-47,47,3,Self,Tank22,0,NA,2,1,High,1,Multiple,
8/14/18,Initial,0,JA-23,2,JA-23-2,801-47,47,3,Self,Tank22,1,3,2,1,High,1,Multiple,
8/22/18,S1D3,3,JA-23,2,JA-23-2,801-47,47,3,Self,Tank22,1,4,2,1,High,1,Multiple,
8/30/18,S2R1,11,JA-23,2,JA-23-2,801-47,47,3,Self,Tank24,1,4,2,1,High,1,Multiple,
9/5/18,S2D2,17,JA-23,2,JA-23-2,801-47,47,3,Self,Tank22,1,4,2,1,High,1,Multiple,
9/11/18,S2D8,23,JA-23,2,JA-23-2,801-47,47,3,Self,Tank24,1,3,2,1,High,1,Multiple,
9/14/18,S2D11,26,JA-23,2,JA-23-2,801-47,47,3,Self,Tank22,0,NA,2,1,High,1,Multiple,
9/20/18,End,32,JA-23,2,JA-23-2,801-47,47,3,Self,Tank22,0,NA,2,1,High,1,Multiple,
8/14/18,Initial,0,JA-23,3,JA-23-3,801-47,47,3,Self,Tank22,1,2,2,1,High,1,Multiple,
8/22/18,S1D3,3,JA-23,3,JA-23-3,801-47,47,3,Self,Tank22,1,3,2,1,High,1,Multiple,
8/30/18,S2R1,11,JA-23,3,JA-23-3,801-47,47,3,Self,Tank24,1,2,2,1,High,1,Multiple,
9/5/18,S2D2,17,JA-23,3,JA-23-3,801-47,47,3,Self,Tank22,1,2,2,1,High,1,Multiple,
9/11/18,S2D8,23,JA-23,3,JA-23-3,801-47,47,3,Self,Tank24,0,NA,2,1,High,1,Multiple,
9/14/18,S2D11,26,JA-23,3,JA-23-3,801-47,47,3,Self,Tank22,0,NA,2,1,High,1,Multiple,
9/20/18,End,32,JA-23,3,JA-23-3,801-47,47,3,Self,Tank22,0,NA,2,1,High,1,Multiple,
8/14/18,Initial,0,JA-24,2,JA-24-2,801-47,47,3,Self,Tank20,1,4,2,1,High,1,Multiple,
8/22/18,S1D3,3,JA-24,2,JA-24-2,801-47,47,3,Self,Tank20,1,5,2,1,High,1,Multiple,
8/30/18,S2R1,11,JA-24,2,JA-24-2,801-47,47,3,Self,Tank22,1,5,2,1,High,1,Multiple,
8/14/18,Initial,0,JA-24,3,JA-24-3,801-47,47,3,Self,Tank20,1,5,2,1,High,1,Multiple,
8/22/18,S1D3,3,JA-24,3,JA-24-3,801-47,47,3,Self,Tank20,1,5,2,1,High,1,Multiple,
8/30/18,S2R1,11,JA-24,3,JA-24-3,801-47,47,3,Self,Tank22,1,5,2,1,High,1,Multiple,
8/14/18,Initial,0,JA-24,4,JA-24-4,801-47,47,3,Self,Tank20,1,6,2,1,High,1,Multiple,
8/22/18,S1D3,3,JA-24,4,JA-24-4,801-47,47,3,Self,Tank20,1,6,2,1,High,1,Multiple,
8/30/18,S2R1,11,JA-24,4,JA-24-4,801-47,47,3,Self,Tank22,1,6,2,1,High,1,Multiple,
8/14/18,Initial,0,JN-13,1,JN-13-1,801-47,47,3,Non-Self,Tank20,1,2,2,1,High,3,Multiple,
8/14/18,Initial,0,JN-13,2,JN-13-2,742-F,F,3,Non-Self,Tank20,1,4,2,1,High,3,Multiple,
8/14/18,Initial,0,JN-13,3,JN-13-3,824-1,1,3,Non-Self,Tank20,1,4,2,1,High,3,Multiple,
9/20/18,End,32,JN-19,4,JN-19-4,807-42,42,3,Non-Self,Tank22,0,NA,2,1,High,3,Multiple,
8/14/18,Initial,0,JN-3,1,JN-3-1,813-25,25,3,Non-Self,Tank19,1,4,2,1,High,3,Multiple,
8/22/18,S1D3,3,JN-3,1,JN-3-1,813-25,25,3,Non-Self,Tank19,1,5,2,1,High,3,Multiple,
8/30/18,S2R1,11,JN-3,1,JN-3-1,813-25,25,3,Non-Self,Tank20,1,6,2,1,High,3,Multiple,
9/5/18,S2D2,17,JN-3,1,JN-3-1,813-25,25,3,Non-Self,Tank24,1,6,2,1,High,3,Multiple,
9/11/18,S2D8,23,JN-3,1,JN-3-1,813-25,25,3,Non-Self,Tank20,1,6,2,1,High,3,Multiple,
9/14/18,S2D11,26,JN-3,1,JN-3-1,813-25,25,3,Non-Self,Tank19,1,2,2,1,High,3,Multiple,
9/20/18,End,32,JN-3,1,JN-3-1,813-25,25,3,Non-Self,Tank19,0,NA,2,1,High,3,Multiple,
8/22/18,S1D3,3,JN-3,2,JN-3-2,831-47,47,3,Non-Self,Tank19,1,6,2,1,High,3,Multiple,
8/30/18,S2R1,11,JN-3,2,JN-3-2,831-47,47,3,Non-Self,Tank20,1,6,2,1,High,3,Multiple,
9/5/18,S2D2,17,JN-3,2,JN-3-2,831-47,47,3,Non-Self,Tank24,1,6,2,1,High,3,Multiple,
9/11/18,S2D8,23,JN-3,2,JN-3-2,831-47,47,3,Non-Self,Tank20,1,6,2,1,High,3,Multiple,
9/14/18,S2D11,26,JN-3,2,JN-3-2,831-47,47,3,Non-Self,Tank19,1,3,2,1,High,3,Multiple,
9/20/18,End,32,JN-3,2,JN-3-2,831-47,47,3,Non-Self,Tank19,0,NA,2,1,High,3,Multiple,
8/14/18,Initial,0,JN-3,3,JN-3-3,741-F,F,3,Non-Self,Tank19,1,2,2,1,High,3,Multiple,
8/22/18,S1D3,3,JN-3,3,JN-3-3,741-F,F,3,Non-Self,Tank19,1,2,2,1,High,3,Multiple,
8/30/18,S2R1,11,JN-3,3,JN-3-3,741-F,F,3,Non-Self,Tank20,1,2,2,1,High,3,Multiple,
9/5/18,S2D2,17,JN-3,3,JN-3-3,741-F,F,3,Non-Self,Tank24,1,2,2,1,High,3,Multiple,
9/11/18,S2D8,23,JN-3,3,JN-3-3,741-F,F,3,Non-Self,Tank20,1,2,2,1,High,3,Multiple,
9/14/18,S2D11,26,JN-3,3,JN-3-3,741-F,F,3,Non-Self,Tank19,0,NA,2,1,High,3,Multiple,
9/20/18,End,32,JN-3,3,JN-3-3,741-F,F,3,Non-Self,Tank19,0,NA,2,1,High,3,Multiple,
9/14/18,S2D11,26,JN-9,1,JN-9-1,801-47,47,4,Non-Self,Tank19,0,NA,2,1,High,4,Multiple,
9/20/18,End,32,JN-9,1,JN-9-1,801-47,47,4,Non-Self,Tank19,0,NA,2,1,High,4,Multiple,
9/14/18,S2D11,26,JN-9,2,JN-9-2,742-F,F,4,Non-Self,Tank19,0,NA,2,1,High,4,Multiple,
9/20/18,End,32,JN-9,2,JN-9-2,742-F,F,4,Non-Self,Tank19,0,NA,2,1,High,4,Multiple,
9/11/18,S2D8,23,JN-9,4,JN-9-4,824-1,1,4,Non-Self,Tank20,1,4,2,1,High,4,Multiple,
9/14/18,S2D11,26,JN-9,4,JN-9-4,824-1,1,4,Non-Self,Tank19,0,NA,2,1,High,4,Multiple,
9/20/18,End,32,JN-9,4,JN-9-4,824-1,1,4,Non-Self,Tank19,0,NA,2,1,High,4,Multiple,
8/14/18,Initial,0,AN-1,1,AN-1-1,806-42,42,4,Non-Self,Tank24,1,3,3,1,High,4,Multiple,
8/22/18,S1D3,3,AN-1,1,AN-1-1,806-42,42,4,Non-Self,Tank24,1,3,3,1,High,4,Multiple,
8/30/18,S2R1,11,AN-1,1,AN-1-1,806-42,42,4,Non-Self,Tank19,1,3,3,1,High,4,Multiple,
9/5/18,S2D2,17,AN-1,1,AN-1-1,806-42,42,4,Non-Self,Tank20,1,4,3,1,High,4,Multiple,
9/11/18,S2D8,23,AN-1,1,AN-1-1,806-42,42,4,Non-Self,Tank19,1,4,3,1,High,4,Multiple,
9/14/18,S2D11,26,AN-1,1,AN-1-1,806-42,42,4,Non-Self,Tank20,0,NA,3,1,High,4,Multiple,
9/20/18,End,32,AN-1,1,AN-1-1,806-42,42,4,Non-Self,Tank20,0,NA,3,1,High,4,Multiple,
8/14/18,Initial,0,AN-1,2,AN-1-2,743-13,13,4,Non-Self,Tank24,1,2,3,1,High,4,Multiple,
8/22/18,S1D3,3,AN-1,2,AN-1-2,743-13,13,4,Non-Self,Tank24,1,3,3,1,High,4,Multiple,
8/30/18,S2R1,11,AN-1,2,AN-1-2,743-13,13,4,Non-Self,Tank19,1,3,3,1,High,4,Multiple,
9/5/18,S2D2,17,AN-1,2,AN-1-2,743-13,13,4,Non-Self,Tank20,1,3,3,1,High,4,Multiple,
9/11/18,S2D8,23,AN-1,2,AN-1-2,743-13,13,4,Non-Self,Tank19,1,3,3,1,High,4,Multiple,
9/14/18,S2D11,26,AN-1,2,AN-1-2,743-13,13,4,Non-Self,Tank20,1,3,3,1,High,4,Multiple,
9/20/18,End,32,AN-1,2,AN-1-2,743-13,13,4,Non-Self,Tank20,0,NA,3,1,High,4,Multiple,
8/14/18,Initial,0,AN-1,3,AN-1-3,744-1,1,4,Non-Self,Tank24,1,3,3,1,High,4,Multiple,
8/22/18,S1D3,3,AN-1,3,AN-1-3,744-1,1,4,Non-Self,Tank24,1,3,3,1,High,4,Multiple,
8/30/18,S2R1,11,AN-1,3,AN-1-3,744-1,1,4,Non-Self,Tank19,1,3,3,1,High,4,Multiple,
9/5/18,S2D2,17,AN-1,3,AN-1-3,744-1,1,4,Non-Self,Tank20,1,3,3,1,High,4,Multiple,
9/11/18,S2D8,23,AN-1,3,AN-1-3,744-1,1,4,Non-Self,Tank19,1,3,3,1,High,4,Multiple,
9/14/18,S2D11,26,AN-1,3,AN-1-3,744-1,1,4,Non-Self,Tank20,0,NA,3,1,High,4,Multiple,
9/20/18,End,32,AN-1,3,AN-1-3,744-1,1,4,Non-Self,Tank20,0,NA,3,1,High,4,Multiple,
8/14/18,Initial,0,AN-1,4,AN-1-4,807-42,42,4,Non-Self,Tank24,1,2,3,1,High,4,Multiple,
8/22/18,S1D3,3,AN-1,4,AN-1-4,807-42,42,4,Non-Self,Tank24,1,2,3,1,High,4,Multiple,
8/30/18,S2R1,11,AN-1,4,AN-1-4,807-42,42,4,Non-Self,Tank19,1,2,3,1,High,4,Multiple,
9/5/18,S2D2,17,AN-1,4,AN-1-4,807-42,42,4,Non-Self,Tank20,1,3,3,1,High,4,Multiple,
9/11/18,S2D8,23,AN-1,4,AN-1-4,807-42,42,4,Non-Self,Tank19,1,3,3,1,High,4,Multiple,
9/14/18,S2D11,26,AN-1,4,AN-1-4,807-42,42,4,Non-Self,Tank20,1,3,3,1,High,4,Multiple,
9/20/18,End,32,AN-1,4,AN-1-4,807-42,42,4,Non-Self,Tank20,0,NA,3,1,High,4,Multiple,
8/14/18,Initial,0,JN-28,1,JN-28-1,823-1,1,4,Non-Self,Tank22,1,4,3,1,High,4,Multiple,
8/22/18,S1D3,3,JN-28,1,JN-28-1,823-1,1,4,Non-Self,Tank22,1,5,3,1,High,4,Multiple,
8/30/18,S2R1,11,JN-28,1,JN-28-1,823-1,1,4,Non-Self,Tank24,1,5,3,1,High,4,Multiple,
9/5/18,S2D2,17,JN-28,1,JN-28-1,823-1,1,4,Non-Self,Tank22,1,5,3,1,High,4,Multiple,
9/11/18,S2D8,23,JN-28,1,JN-28-1,823-1,1,4,Non-Self,Tank24,1,5,3,1,High,4,Multiple,
9/14/18,S2D11,26,JN-28,1,JN-28-1,823-1,1,4,Non-Self,Tank22,0,NA,3,1,High,4,Multiple,
9/20/18,End,32,JN-28,1,JN-28-1,823-1,1,4,Non-Self,Tank22,0,NA,3,1,High,4,Multiple,
8/14/18,Initial,0,JN-28,2,JN-28-2,807-42,42,4,Non-Self,Tank22,1,6,3,1,High,4,Multiple,
8/22/18,S1D3,3,JN-28,2,JN-28-2,807-42,42,4,Non-Self,Tank22,1,6,3,1,High,4,Multiple,
8/30/18,S2R1,11,JN-28,2,JN-28-2,807-42,42,4,Non-Self,Tank24,1,6,3,1,High,4,Multiple,
9/5/18,S2D2,17,JN-28,2,JN-28-2,807-42,42,4,Non-Self,Tank22,1,6,3,1,High,4,Multiple,
9/11/18,S2D8,23,JN-28,2,JN-28-2,807-42,42,4,Non-Self,Tank24,1,6,3,1,High,4,Multiple,
9/14/18,S2D11,26,JN-28,2,JN-28-2,807-42,42,4,Non-Self,Tank22,0,NA,3,1,High,4,Multiple,
9/20/18,End,32,JN-28,2,JN-28-2,807-42,42,4,Non-Self,Tank22,0,NA,3,1,High,4,Multiple,
8/14/18,Initial,0,JN-28,3,JN-28-3,806-42,42,4,Non-Self,Tank22,1,3,3,1,High,4,Multiple,
8/22/18,S1D3,3,JN-28,3,JN-28-3,806-42,42,4,Non-Self,Tank22,1,3,3,1,High,4,Multiple,
8/30/18,S2R1,11,JN-28,3,JN-28-3,806-42,42,4,Non-Self,Tank24,1,3,3,1,High,4,Multiple,
9/5/18,S2D2,17,JN-28,3,JN-28-3,806-42,42,4,Non-Self,Tank22,1,3,3,1,High,4,Multiple,
9/11/18,S2D8,23,JN-28,3,JN-28-3,806-42,42,4,Non-Self,Tank24,0,NA,3,1,High,4,Multiple,
9/14/18,S2D11,26,JN-28,3,JN-28-3,806-42,42,4,Non-Self,Tank22,0,NA,3,1,High,4,Multiple,
9/20/18,End,32,JN-28,3,JN-28-3,806-42,42,4,Non-Self,Tank22,0,NA,3,1,High,4,Multiple,
8/14/18,Initial,0,JN-28,4,JN-28-4,802-42,42,4,Non-Self,Tank22,1,2,3,1,High,4,Multiple,
8/22/18,S1D3,3,JN-28,4,JN-28-4,802-42,42,4,Non-Self,Tank22,1,4,3,1,High,4,Multiple,
8/30/18,S2R1,11,JN-28,4,JN-28-4,802-42,42,4,Non-Self,Tank24,1,2,3,1,High,4,Multiple,
9/5/18,S2D2,17,JN-28,4,JN-28-4,802-42,42,4,Non-Self,Tank22,1,2,3,1,High,4,Multiple,
9/11/18,S2D8,23,JN-28,4,JN-28-4,802-42,42,4,Non-Self,Tank24,1,2,3,1,High,4,Multiple,
9/14/18,S2D11,26,JN-28,4,JN-28-4,802-42,42,4,Non-Self,Tank22,0,NA,3,1,High,4,Multiple,
9/20/18,End,32,JN-28,4,JN-28-4,802-42,42,4,Non-Self,Tank22,0,NA,3,1,High,4,Multiple,
8/14/18,Initial,0,JN-9,1,JN-9-1,801-47,47,4,Non-Self,Tank19,1,4,3,1,High,4,Multiple,
8/22/18,S1D3,3,JN-9,1,JN-9-1,801-47,47,4,Non-Self,Tank19,1,4,3,1,High,4,Multiple,
8/30/18,S2R1,11,JN-9,1,JN-9-1,801-47,47,4,Non-Self,Tank20,1,4,3,1,High,4,Multiple,
9/5/18,S2D2,17,JN-9,1,JN-9-1,801-47,47,4,Non-Self,Tank24,1,4,3,1,High,4,Multiple,
9/11/18,S2D8,23,JN-9,1,JN-9-1,801-47,47,4,Non-Self,Tank20,1,5,3,1,High,4,Multiple,
8/14/18,Initial,0,JN-9,2,JN-9-2,742-F,F,4,Non-Self,Tank19,1,4,3,1,High,4,Multiple,
8/22/18,S1D3,3,JN-9,2,JN-9-2,742-F,F,4,Non-Self,Tank19,1,4,3,1,High,4,Multiple,
8/30/18,S2R1,11,JN-9,2,JN-9-2,742-F,F,4,Non-Self,Tank20,1,3,3,1,High,4,Multiple,
9/5/18,S2D2,17,JN-9,2,JN-9-2,742-F,F,4,Non-Self,Tank24,1,3,3,1,High,4,Multiple,
9/11/18,S2D8,23,JN-9,2,JN-9-2,742-F,F,4,Non-Self,Tank20,1,4,3,1,High,4,Multiple,
8/14/18,Initial,0,JN-9,3,JN-9-3,821-47,47,4,Non-Self,Tank19,1,6,3,1,High,4,Multiple,
8/22/18,S1D3,3,JN-9,3,JN-9-3,821-47,47,4,Non-Self,Tank19,1,6,3,1,High,4,Multiple,
8/30/18,S2R1,11,JN-9,3,JN-9-3,821-47,47,4,Non-Self,Tank20,1,7,3,1,High,4,Multiple,
9/5/18,S2D2,17,JN-9,3,JN-9-3,821-47,47,4,Non-Self,Tank24,1,7,3,1,High,4,Multiple,
9/11/18,S2D8,23,JN-9,3,JN-9-3,821-47,47,4,Non-Self,Tank20,1,5,3,1,High,4,Multiple,
8/14/18,Initial,0,JN-9,4,JN-9-4,824-1,1,4,Non-Self,Tank19,1,5,3,1,High,4,Multiple,
8/22/18,S1D3,3,JN-9,4,JN-9-4,824-1,1,4,Non-Self,Tank19,1,5,3,1,High,4,Multiple,
8/30/18,S2R1,11,JN-9,4,JN-9-4,824-1,1,4,Non-Self,Tank20,1,5,3,1,High,4,Multiple,
9/5/18,S2D2,17,JN-9,4,JN-9-4,824-1,1,4,Non-Self,Tank24,1,5,3,1,High,4,Multiple,